id;name;category;status;area_m2;registry_id;wave;geometry_type
10002168;Авангардная улица;4 категория;Утвержден;19881.78;133084850200001;?;Polygon
10002170;Авиационный переулок;4 категория;Утвержден;7641.122;132953222900001;?;Polygon
10002171;Автомоторная улица;3 категория;Утвержден;30971.12;133349705700001;?;Polygon
10002171;Автомоторная улица;3 категория;Утвержден;30971.12;133349705700001;?;Polygon
10002173;Академический проезд;4 категория;Утвержден;7727.07;132074896500001;?;Polygon
10002175;Амбулаторный переулок;4 категория;Утвержден;4207.27;132569731500001;?;Polygon
10002178;Ангарская улица;2 категория;Утвержден;49138.7;111700705200001;?;Polygon
10002178;Ангарская улица;2 категория;Утвержден;49138.7;111700705200001;?;Polygon
10002180;Астрадамская улица;4 категория;Утвержден;8095.6;132074895700001;?;Polygon
10002180;Астрадамская улица;4 категория;Утвержден;8095.6;132074895700001;?;Polygon
10002181;Астрадамский проезд;4 категория;Утвержден;8339.5069;124813587500001;?;Polygon
10002182;Проезд Аэропорта;4 категория;Утвержден;8584.22;132074870100001;?;Polygon
10002183;1-я Аэропортовская улица;4 категория;Утвержден;5543.5809;132061852100001;?;Polygon
10002184;2-я Аэропортовская улица;4 категория;Утвержден;4611.2285;92327714500001;?;Polygon
10002187;1-й Балтийский переулок;4 категория;Утвержден;5261.8045;124931801400001;?;Polygon
10002188;2-й Балтийский переулок;4 категория;Утвержден;5963.36;133129859600001;?;Polygon
10002189;3-й Балтийский переулок;4 категория;Утвержден;5811.98;127726730300001;?;Polygon
10002190;Башиловская улица;2 категория;Утвержден;38520.45;127459250000001;?;Polygon
10002191;1-я улица Бебеля;4 категория;Утвержден;5082.13;132074900900001;?;Polygon
10002191;1-я улица Бебеля;4 категория;Утвержден;5082.13;132074900900001;?;Polygon
10002192;2-я улица Бебеля;4 категория;Утвержден;2830.4283;132074901700001;?;Polygon
10002195;Беговой проезд;4 категория;Утвержден;4957.11;130692709700001;?;Polygon
10002196;Проезд от Прибрежного проезда до МКАД;4 категория;Утвержден;2458.84;128342684700001;?;Polygon
10002197;Беломорская улица;2 категория;Утвержден;23798.74;127703197900001;?;Polygon
10002200;Бескудниковский проезд;4 категория;Утвержден;14919.64;132062068100001;?;Polygon
10002202;Большая Алексеевская улица;4 категория;Утвержден;1988.97;91555294300001;?;Polygon
10002205;Зои Воскресенской улица (Боткинский проезд);3 категория;Утвержден;5377.36;130692706900001;?;Polygon
10002206;Улица Брюллова;4 категория;Утвержден;1305.3548;129598970400001;?;Polygon
10002207;Бумажный проезд;4 категория;Утвержден;13770.01;130692709900001;?;Polygon
10002208;Бурцевская улица;5 категория;Утвержден;6447.96;113888133800001;?;Polygon
10002211;Вагоноремонтная улица;2 категория;Утвержден;41108.65;109350581000001;?;Polygon
10002213;улица Венецианова;4 категория;Утвержден;241.35;129599101100001;?;Polygon
10002214;Улица Верещагина;4 категория;Утвержден;1773.36;129600459000001;?;Polygon
10002215;Верхняя аллея;4 категория;Утвержден;19981.2;124877417200001;?;Polygon
10002216;Верхняя улица;4 категория;Утвержден;7877.4;130692710300001;?;Polygon
10002217;Весенняя улица;4 категория;Утвержден;14547.32;132074865900001;?;Polygon
10002217;Весенняя улица;4 категория;Утвержден;14547.32;132074865900001;?;Polygon
10002218;улица Викторенко;4 категория;Утвержден;12754.22;132074867900001;?;Polygon
10002219;Улица Всеволода Вишневского;4 категория;Утвержден;14259.26;125054953000001;?;Polygon
10002219;Улица Всеволода Вишневского;4 категория;Утвержден;14259.26;125054953000001;?;Polygon
10002220;улица Войкова;4 категория;Утвержден;4006.15;107265032400001;?;Polygon
10002220;улица Войкова;4 категория;Утвержден;4006.15;107265032400001;?;Polygon
10002222;2-й Войковский проезд;4 категория;Утвержден;4808.17;130692723700001;?;Polygon
10002223;3-й Войковский проезд;4 категория;Утвержден;3837.56;130692724700001;?;Polygon
10002223;3-й Войковский проезд;4 категория;Утвержден;3837.56;130692724700001;?;Polygon
10002224;4-й Войковский проезд;4 категория;Утвержден;5636.9;130692725500001;?;Polygon
10002226;Вокзальный переулок;4 категория;Утвержден;7761.31;130692727300001;?;Polygon
10002228;Улица Врубеля;4 категория;Утвержден;11761.76;130692770800001;?;Polygon
10002229;улица Самеда Вургуна;4 категория;Утвержден;5497.9;124937602600001;?;Polygon
10002231;Выборгская улица;4 категория;Утвержден;21984.69;131170906800001;?;Polygon
10002231;Выборгская улица;4 категория;Утвержден;21984.69;131170906800001;?;Polygon
10002231;Выборгская улица;4 категория;Утвержден;21984.69;131170906800001;?;Polygon
10002231;Выборгская улица;4 категория;Утвержден;21984.69;131170906800001;?;Polygon
10002233;4-й Вятский переулок;4 категория;Утвержден;19764.53;127232326800001;?;Polygon
10002233;4-й Вятский переулок;4 категория;Утвержден;19764.53;127232326800001;?;Polygon
10002233;4-й Вятский переулок;4 категория;Утвержден;19764.53;127232326800001;?;Polygon
10002233;4-й Вятский переулок;4 категория;Утвержден;19764.53;127232326800001;?;Polygon
10002233;4-й Вятский переулок;4 категория;Утвержден;19764.53;127232326800001;?;Polygon
10002234;Гатчинская улица;5 категория;Утвержден;2034.69;128748428000001;?;Polygon
10002234;Гатчинская улица;5 категория;Утвержден;2034.69;128748428000001;?;Polygon
10002235;Головановский переулок;4 категория;Утвержден;6334.0279;124931803200001;?;Polygon
10002235;Головановский переулок;4 категория;Утвержден;6334.0279;124931803200001;?;Polygon
10002236;Головинское шоссе;3 категория;Утвержден;39645.84;125347926000001;?;Polygon
10002237;улица Гризодубовой;3 категория;Утвержден;33148.8145;118169258700001;?;Polygon
10002238;Левая Дворцовая аллея;4 категория;Утвержден;3313.61;133367590200001;?;Polygon
10002239;Правая Дворцовая аллея;4 категория;Утвержден;5077.9;133540863500001;?;Polygon
10002240;Дворцовая аллея;4 категория;Утвержден;4755.09;133531897400001;?;Polygon
10002243;Дмитровский проезд;3 категория;Утвержден;27445.18;124928671600001;?;Polygon
10002243;Дмитровский проезд;3 категория;Утвержден;27445.18;124928671600001;?;Polygon
10002243;Дмитровский проезд;3 категория;Утвержден;27445.18;124928671600001;?;Polygon
10002243;Дмитровский проезд;3 категория;Утвержден;27445.18;124928671600001;?;Polygon
10002243;Дмитровский проезд;3 категория;Утвержден;27445.18;124928671600001;?;Polygon
10002245;Долгопрудная улица;2 категория;Утвержден;6045.82;129657911300001;?;Polygon
10002246;Дорожка от ст.»Лианозово»до Дубнинской ул.,46;4 категория;Утвержден;728.4;120043986900001;?;Polygon
10002249;Пешеходная дорожка от Зеленоградской улицы до платформы Ховрино;4 категория;Утвержден;987.94;129600266600001;?;Polygon
10002250;Проезд от ул. Ивана Сусанина 4к.1 до Дегунинского пруда;5 категория;Утвержден;1705.0491;97433514600001;?;Polygon
10002251;Проезд от ул. Маршала Федоренко до ул.Бусиновская Горка, вл1;5 категория;Утвержден;2770.05;132074877100001;?;Polygon
10002255;Улица Дубки;4 категория;Утвержден;3944.63;129599176700001;?;Polygon
10002257;Дубнинская улица (от Дмитровского шоссе);3 категория;Утвержден;8205.78;114571701100001;?;Polygon
10002258;Вербилковский проезд;4 категория;Утвержден;16497.4;133382708800001;?;Polygon
10002259;Дубосековская улица;4 категория;Утвержден;9959.01;130692764400001;?;Polygon
10002260;улица Дыбенко;3 категория;Утвержден;41652.13;123329352100001;?;Polygon
10002263;Зеленоградская улица;3 категория;Утвержден;64630.34;133602790700001;?;Polygon
10002263;Зеленоградская улица;3 категория;Утвержден;64630.34;133602790700001;?;Polygon
10002264;улица Зорге;3 категория;Утвержден;44355.58;124955574800001;?;Polygon
10002265;Новый Зыковский проезд;4 категория;Утвержден;4873.64;133531535700001;?;Polygon
10002266;Старый Зыковский проезд;4 категория;Утвержден;8404.3486;132061481300001;?;Polygon
10002267;Ивановская улица;4 категория;Утвержден;17769.07;132953266300001;?;Polygon
10002267;Ивановская улица;4 категория;Утвержден;17769.07;132953266300001;?;Polygon
10002268;Ивановский проезд;4 категория;Утвержден;6123.0846;105509496000001;?;Polygon
10002270;Икшинская улица;2 категория;Утвержден;5430.7;111371854100001;?;Polygon
10002271;Ильменский проезд;4 категория;Утвержден;20679.04;123336591900001;?;Polygon
10002272;улица Академика Ильюшина;4 категория;Утвержден;16441.87;133138592700001;?;Polygon
10002272;улица Академика Ильюшина;4 категория;Утвержден;16441.87;133138592700001;?;Polygon
10002273;Карельский бульвар;3 категория;Утвержден;22675.25;123344516900001;?;Polygon
10002274;1-я Квесисская улица;4 категория;Утвержден;9529.16;132074900500001;?;Polygon
10002274;1-я Квесисская улица;4 категория;Утвержден;9529.16;132074900500001;?;Polygon
10002274;1-я Квесисская улица;4 категория;Утвержден;9529.16;132074900500001;?;Polygon
10002274;1-я Квесисская улица;4 категория;Утвержден;9529.16;132074900500001;?;Polygon
10002277;улица Кипренского;4 категория;Утвержден;2933.46;129599497900001;?;Polygon
10002277;улица Кипренского;4 категория;Утвержден;2933.46;129599497900001;?;Polygon
10002279;Клязьминская улица;3 категория;Утвержден;40547.96;123349710100001;?;Polygon
10002281;улица Коккинаки;4 категория;Утвержден;7569.19;124937600400001;?;Polygon
10002281;улица Коккинаки;4 категория;Утвержден;7569.19;124937600400001;?;Polygon
10002282;Коленчатый переулок;4 категория;Утвержден;3393.84;132074901500001;?;Polygon
10002282;Коленчатый переулок;4 категория;Утвержден;3393.84;132074901500001;?;Polygon
10002283;Колпинская улица;5 категория;Утвержден;5510.69;133105477100001;?;Polygon
10002284;Конаковский проезд;4 категория;Утвержден;13102.52;125325141300001;?;Polygon
10002284;Конаковский проезд;4 категория;Утвержден;13102.52;125325141300001;?;Polygon
10002286;Большой Коптевский проезд;4 категория;Утвержден;8114.63;120669139300001;?;Polygon
10002287;Малый Коптевский проезд;4 категория;Утвержден;2486.6333;102303369400001;?;Polygon
10002289;Коровинский проезд;4 категория;Утвержден;7704.5;132062197900001;?;Polygon
10002291;Улица Костякова;3 категория;Утвержден;28873.82;127816745400001;?;Polygon
10002292;Кочновский проезд;4 категория;Утвержден;7452.09;124931803400001;?;Polygon
10002293;улица Крамского;4 категория;Утвержден;185.77;129599574600001;?;Polygon
10002294;Красноармейская улица;2 категория;Утвержден;30956.66;120788647000001;?;Polygon
10002295;1-й Красноармейский переулок;4 категория;Утвержден;4635.9289;124931801600001;?;Polygon
10002297;Красностуденческий проезд;4 категория;Утвержден;26859.55;127070637600001;?;Polygon
10002301;Улица Куусинена;2 категория;Утвержден;72464.5875;95224655400001;?;Polygon
10002302;улица Лавочкина;4 категория;Утвержден;7896.7;132953606300001;?;Polygon
10002303;улица Левитана;4 категория;Утвержден;7069.4032;130692771200001;?;Polygon
10002304;Левобережная улица;4 категория;Утвержден;17111.98;125148214200001;?;Polygon
10002305;Летняя аллея;4 категория;Утвержден;3549.41;132572993000001;?;Polygon
10002306;Линейный проезд;4 категория;Утвержден;8414.43;132074895500001;?;Polygon
10002306;Линейный проезд;4 категория;Утвержден;8414.43;132074895500001;?;Polygon
10002307;улица Линии Октябрьской Железной Дороги;4 категория;Утвержден;28064.62;132074890100001;?;Polygon
10002307;улица Линии Октябрьской Железной Дороги;4 категория;Утвержден;28064.62;132074890100001;?;Polygon
10002308;Липовая аллея;4 категория;Утвержден;3857.4;124931803600001;?;Polygon
10002309;Лиственничная аллея;3 категория;Утвержден;18989.63;132074892300001;?;Polygon
10002310;1-й Лихачёвский переулок;4 категория;Утвержден;2852.51;108691721700001;?;Polygon
10002311;2-й Лихачевский переулок;4 категория;Утвержден;26974.58;132074854100001;?;Polygon
10002312;3-й Лихачевский переулок;4 категория;Утвержден;20541.49;132953611700001;?;Polygon
10002312;3-й Лихачевский переулок;4 категория;Утвержден;20541.49;132953611700001;?;Polygon
10002316;Лихоборская набережная от Онежской улицы до 4-го Лихачевского переулка;4 категория;Утвержден;22451.59;127154445300001;?;Polygon
10002316;Лихоборская набережная от Онежской улицы до 4-го Лихачевского переулка;4 категория;Утвержден;22451.59;127154445300001;?;Polygon
10002318;1-й Нижнелихоборский проезд;4 категория;Утвержден;12685.58;132074893900001;?;Polygon
10002320;Лобненская улица;2 категория;Утвержден;46070.27;112429871300001;?;Polygon
10002320;Лобненская улица;2 категория;Утвержден;46070.27;112429871300001;?;Polygon
10002320;Лобненская улица;2 категория;Утвержден;46070.27;112429871300001;?;Polygon
10002321;Локомотивный проезд;4 категория;Утвержден;34631.3;132074890500001;?;Polygon
10002322;Локомотивный проезд от ЛОЖД до границ Восточного Дегунино;5 категория;Утвержден;3958.95;132070807600001;?;Polygon
10002322;Локомотивный проезд от ЛОЖД до границ Восточного Дегунино;5 категория;Утвержден;3958.95;132070807600001;?;Polygon
10002322;Локомотивный проезд от ЛОЖД до границ Восточного Дегунино;5 категория;Утвержден;3958.95;132070807600001;?;Polygon
10002323;Лужская улица;5 категория;Утвержден;6090.86;123725144400001;?;Polygon
10002323;Лужская улица;5 категория;Утвержден;6090.86;123725144400001;?;Polygon
10002326;3-я Магистральная улица (от 4-й Магистральной);4 категория;Утвержден;4846.29;132074877300001;?;Polygon
10002327;4-я Магистральная улица;2 категория;Утвержден;26257.44;129271641200001;?;Polygon
10002328;5-я Магистральная улица;2 категория;Утвержден;17647.69;112435197000001;?;Polygon
10002328;5-я Магистральная улица;2 категория;Утвержден;17647.69;112435197000001;?;Polygon
10002330;1-й Магистральный проезд;4 категория;Утвержден;7683.53;132074872900001;?;Polygon
10002331;2-й Магистральный проезд;4 категория;Утвержден;12392.31;132074868500001;?;Polygon
10002333;2-й Магистральный тупик;4 категория;Утвержден;7747.53;132074872300001;?;Polygon
10002334;улица Адмирала Макарова;4 категория;Утвержден;37353.73;130692735900001;?;Polygon
10002336;1-я улица 8 Марта;4 категория;Утвержден;8967.45;124931801800001;?;Polygon
10002336;1-я улица 8 Марта;4 категория;Утвержден;8967.45;124931801800001;?;Polygon
10002337;4-я улица 8 Марта;4 категория;Утвержден;5265.97;132785916200001;?;Polygon
10002338;улица Верхняя Масловка;2 категория;Утвержден;26832.58;127067309400001;?;Polygon
10002339;1-й Нижнемасловский переулок;4 категория;Утвержден;1535.47;132074903300001;?;Polygon
10002340;2-й Нижнемасловский переулок;4 категория;Утвержден;5842.47;132074900700001;?;Polygon
10002340;2-й Нижнемасловский переулок;4 категория;Утвержден;5842.47;132074900700001;?;Polygon
10002340;2-й Нижнемасловский переулок;4 категория;Утвержден;5842.47;132074900700001;?;Polygon
10002343;Мелькисаровская улица;5 категория;Утвержден;3833.12;126140101600001;?;Polygon
10002344;Местный проезд у издательства «Красная звезда»;4 категория;Утвержден;5989.86;132074874800001;?;Polygon
10002345;Милицейский переулок;4 категория;Утвержден;4586.33;127126643600001;?;Polygon
10002346;Мирской переулок;4 категория;Утвержден;10699.15;123346749900001;?;Polygon
10002346;Мирской переулок;4 категория;Утвержден;10699.15;123346749900001;?;Polygon
10002349;3-й Михалковский переулок;4 категория;Утвержден;12976.56;131337098000001;?;Polygon
10002349;3-й Михалковский переулок;4 категория;Утвержден;12976.56;131337098000001;?;Polygon
10002349;3-й Михалковский переулок;4 категория;Утвержден;12976.56;131337098000001;?;Polygon
10002349;3-й Михалковский переулок;4 категория;Утвержден;12976.56;131337098000001;?;Polygon
10002350;Мишин проезд;4 категория;Утвержден;1163.28;132074904200001;?;Polygon
10002351;Мишина улица;4 категория;Утвержден;13926.24;123347207900001;?;Polygon
10002351;Мишина улица;4 категория;Утвержден;13926.24;123347207900001;?;Polygon
10002352;Молжаниновская улица;5 категория;Утвержден;8158.82;125225919900001;?;Polygon
10002352;Молжаниновская улица;5 категория;Утвержден;8158.82;125225919900001;?;Polygon
10002352;Молжаниновская улица;5 категория;Утвержден;8158.82;125225919900001;?;Polygon
10002353;улица 800-летия Москвы;2 категория;Утвержден;49820.07;104799850800001;?;Polygon
10002353;улица 800-летия Москвы;2 категория;Утвержден;49820.07;104799850800001;?;Polygon
10002353;улица 800-летия Москвы;2 категория;Утвержден;49820.07;104799850800001;?;Polygon
10002354;Московская аллея;4 категория;Утвержден;18398.6757;124931803800001;?;Polygon
10002355;Новомихалковский 1-й проезд;4 категория;Утвержден;4451.03;110579146600001;?;Polygon
10002356;3-й Новомихалковский проезд;4 категория;Утвержден;17678.1;131518046500001;?;Polygon
10002357;Новомихалковский 4-й проезд;4 категория;Утвержден;16330.62;130692753300001;?;Polygon
10002357;Новомихалковский 4-й проезд;4 категория;Утвержден;16330.62;130692753300001;?;Polygon
10002360;Новопетровская улица;4 категория;Утвержден;13798.0;131598512600001;?;Polygon
10002360;Новопетровская улица;4 категория;Утвержден;13798.0;131598512600001;?;Polygon
10002361;1-й Новоподмосковный переулок;4 категория;Утвержден;6945.96;130692722900001;?;Polygon
10002362;2-й Новоподмосковный переулок;4 категория;Утвержден;10620.45;130692723900001;?;Polygon
10002363;3-й Новоподмосковный переулок;4 категория;Утвержден;4123.97;133138593700001;?;Polygon
10002364;4-й Новоподмосковный переулок;4 категория;Утвержден;7068.8;130692725700001;?;Polygon
10002365;5-й Новоподмосковный переулок;4 категория;Утвержден;5487.37;130692726700001;?;Polygon
10002366;6-й Новоподмосковный переулок;4 категория;Утвержден;8822.45;130692727100001;?;Polygon
10002368;Нарвская улица (Головинский район);4 категория;Утвержден;15408.24;125324051500001;?;Polygon
10002369;Улица Новая Ипатовка;4 категория;Утвержден;14247.4;130692755700001;?;Polygon
10002370;Проезд от ул. Правды до ул. Правды д. 1-2 (Наркомфиновский переулок);4 категория;Утвержден;2605.48;130692713700001;?;Polygon
10002371;Нарышкинская аллея;4 категория;Утвержден;4477.16;127140682800001;?;Polygon
10002372;ул. Немчинова;4 категория;Утвержден;6777.77;132074897300001;?;Polygon
10002372;ул. Немчинова;4 категория;Утвержден;6777.77;132074897300001;?;Polygon
10002373;Улица Пилота Нестерова;4 категория;Утвержден;5948.37;132061851300001;?;Polygon
10002373;Улица Пилота Нестерова;4 категория;Утвержден;5948.37;132061851300001;?;Polygon
10002375;улица НИКФИ;4 категория;Утвержден;3122.83;125043957500001;?;Polygon
10002376;1-я улица Новосёлки;4 категория;Утвержден;4147.73;125147620000001;?;Polygon
10002377;2-я улица Новосёлки;5 категория;Утвержден;2005.54;113887419900001;?;Polygon
10002377;2-я улица Новосёлки;5 категория;Утвержден;2005.54;113887419900001;?;Polygon
10002378;3-я улица Новосёлки;5 категория;Утвержден;1510.3;125038165200001;?;Polygon
10002379;4-я улица Новосёлки;5 категория;Утвержден;1004.97;113887980200001;?;Polygon
10002380;Новосходненское шоссе;3 категория;Утвержден;67467.06;132559165500001;?;Polygon
10002382;Улица Острякова;4 категория;Утвержден;7274.36;132074873700001;?;Polygon
10002383;Охтинская улица;5 категория;Утвержден;6412.13;113896417000001;?;Polygon
10002383;Охтинская улица;5 категория;Утвержден;6412.13;113896417000001;?;Polygon
10002384;Охтинский проезд;5 категория;Утвержден;1634.68;125094370300001;?;Polygon
10002385;Петровско-Разумовская аллея;4 категория;Утвержден;23697.47;98684233300001;?;Polygon
10002387;Петровско-Разумовский пр.;2 категория;Утвержден;34079.8471;94135992400001;?;Polygon
10002389;Противопожарные проезды по Лужской улице;5 категория;Утвержден;3176.3276;113894491300001;?;Polygon
10002391;Пакгаузное шоссе;4 категория;Утвержден;8542.23;133332823300001;?;Polygon
10002393;Пасечная улица;4 категория;Утвержден;9591.82;131882883200001;?;Polygon
10002394;Песчаная площадь;3 категория;Утвержден;5594.65;131247305300001;?;Polygon
10002396;улица Луиджи Лонго;4 категория;Утвержден;6100.003;130692771400001;?;Polygon
10002398;3-я Песчаная улица;3 категория;Утвержден;27910.35;131264737900001;?;Polygon
10002398;3-я Песчаная улица;3 категория;Утвержден;27910.35;131264737900001;?;Polygon
10002400;Малый Песчаный переулок;4 категория;Утвержден;8182.11;131462951200001;?;Polygon
10002401;Песчаный переулок;4 категория;Утвержден;9908.86;131539082100001;?;Polygon
10002402;Петрозаводская улица;3 категория;Утвержден;33485.75;126886796300001;?;Polygon
10002404;Писцовая улица;4 категория;Утвержден;12325.28;125054918600001;?;Polygon
10002404;Писцовая улица;4 категория;Утвержден;12325.28;125054918600001;?;Polygon
10002404;Писцовая улица;4 категория;Утвержден;12325.28;125054918600001;?;Polygon
10002405;Проезд от Дмитровского шоссе до Селигерской улицы до д.18к.1;4 категория;Утвержден;8553.0715;124944608400001;?;Polygon
10002405;Проезд от Дмитровского шоссе до Селигерской улицы до д.18к.1;4 категория;Утвержден;8553.0715;124944608400001;?;Polygon
10002407;площадь Космонавта Комарова;4 категория;Утвержден;4259.64;120606836900001;?;Polygon
10002413;Площадка под автостоянку от Ленинградского шоссе, 112-1 к.1 до Ленинградского шоссе, 112-1 к.4;4 категория;Утвержден;6770.01;107327173400001;?;Polygon
10002415;1-я Подрезковская улица;4 категория;Утвержден;4139.57;125063828400001;?;Polygon
10002416;2-я Подрезковская улица;4 категория;Утвержден;18605.94;128327496500001;?;Polygon
10002416;2-я Подрезковская улица;4 категория;Утвержден;18605.94;128327496500001;?;Polygon
10002416;2-я Подрезковская улица;4 категория;Утвержден;18605.94;128327496500001;?;Polygon
10002416;2-я Подрезковская улица;4 категория;Утвержден;18605.94;128327496500001;?;Polygon
10002416;2-я Подрезковская улица;4 категория;Утвержден;18605.94;128327496500001;?;Polygon
10002417;3-я Подрезковская улица;4 категория;Утвержден;1646.94;130120841800001;?;Polygon
10002418;Подъезд к ГАИ (Хорошевское шоссе, 40);4 категория;Утвержден;3625.95;108215533600001;?;Polygon
10002418;Подъезд к ГАИ (Хорошевское шоссе, 40);4 категория;Утвержден;3625.95;108215533600001;?;Polygon
10002419;Подъезд к Долгопрудненскому кладбищу;4 категория;Утвержден;3311.92;125324786500001;?;Polygon
10002421;Подъезд к пл. «НАТИ» от Верхнелихоборской улицы;4 категория;Утвержден;13971.31;132074867300001;?;Polygon
10002421;Подъезд к пл. «НАТИ» от Верхнелихоборской улицы;4 категория;Утвержден;13971.31;132074867300001;?;Polygon
10002422;Подъезд к Химкинскому кладбищу;4 категория;Утвержден;5053.01;108493620400001;?;Polygon
10002424;Проезд от улицы Прянишникова до дома 19Ас.29;4 категория;Утвержден;1468.25;132290387000001;?;Polygon
10002426;Подъезд к кинотеатру «Рассвет»;4 категория;Утвержден;1013.99;131514096200001;?;Polygon
10002427;Подъезд к кинотеатру «Волга»;4 категория;Утвержден;2341.07;123755630100001;?;Polygon
10002428;Подъезд к кинотеатру «Комсомолец»;4 категория;Утвержден;664.91;132074900100001;?;Polygon
10002430;Подъезд к поселку Мелькисарово;5 категория;Утвержден;1579.5732;94136548300001;?;Polygon
10002430;Подъезд к поселку Мелькисарово;5 категория;Утвержден;1579.5732;94136548300001;?;Polygon
10002432;Подъезд к плодоовощной конторе (Коровинское ш.35);4 категория;Утвержден;9689.6;132074869300001;?;Polygon
10002433;4-я улица Новоселки, д. 2 (Автопарковка);4 категория;Утвержден;1175.38;132663333500001;?;Polygon
10002435;Проезд от Верхнелихоборской улицы до Ильменского проезда 1с.43;5 категория;Утвержден;3944.9633;96215248800001;?;Polygon
10002436;Полевая улица (ГБУ «Жилищник района Молжаниновский»);4 категория;Утвержден;3303.0;127538677900001;?;Polygon
10002437;улица Поленова;4 категория;Утвержден;4910.52;129601218900001;?;Polygon
10002437;улица Поленова;4 категория;Утвержден;4910.52;129601218900001;?;Polygon
10002439;Полтавская улица;4 категория;Утвержден;20900.8;133382438900001;?;Polygon
10002439;Полтавская улица;4 категория;Утвержден;20900.8;133382438900001;?;Polygon
10002439;Полтавская улица;4 категория;Утвержден;20900.8;133382438900001;?;Polygon
10002440;Проезд от Кронштадтского бульвара до церкви (Кронштадтский бульвар вл.24к.1);4 категория;Утвержден;7006.22;132074856500001;?;Polygon
10002441;боковой проезд Ленинградское ш.,64-88;4 категория;Утвержден;7854.67;125324783700001;?;Polygon
10002442;Пр-д к школе-интернату N 45;4 категория;Утвержден;5922.13;132074856700001;?;Polygon
10002443;3-й Ходынский проезд;4 категория;Утвержден;3083.84;132074882500001;?;Polygon
10002444;Площадь перед ипподромом;4 категория;Утвержден;5880.6487;125100611000001;?;Polygon
10002446;Проезд от Ленинградского проспекта до улицы Авиаконструктора Яковлева;4 категория;Утвержден;4894.2;132062020700001;?;Polygon
10002447;Проезд от Флотской ул. д.46 Кронштадтского бульвара;4 категория;Утвержден;9342.03;125074346000001;?;Polygon
10002449;Проезд Березовой Рощи;3 категория;Утвержден;30748.01;118168769500001;?;Polygon
10002450;Проезд вдоль Петрозаводской ул. от д.2 до д.8;4 категория;Утвержден;1331.01;131567522400001;?;Polygon
10002451;Комсомольская улица;4 категория;Утвержден;10417.43;132559855600001;?;Polygon
10002452;Проезд к Братцевской птицефабрике;4 категория;Утвержден;9810.89;129669404200001;?;Polygon
10002453;Проезд от Ангарской улицы до улицы С.Ковалевской;4 категория;Утвержден;2396.39;124945829200001;?;Polygon
10002454;Проезд от Дубнинской улицы до института ВИСТИ;4 категория;Утвержден;1251.59;132070829000001;?;Polygon
10002455;Проезд от Комсомольской улице к ТП;4 категория;Утвержден;15778.2959;108493621400001;?;Polygon
10002456;Проезд от Коптевской улицы до К.Цеткин улицы;4 категория;Утвержден;3098.08;131611754900001;?;Polygon
10002456;Проезд от Коптевской улицы до К.Цеткин улицы;4 категория;Утвержден;3098.08;131611754900001;?;Polygon
10002456;Проезд от Коптевской улицы до К.Цеткин улицы;4 категория;Утвержден;3098.08;131611754900001;?;Polygon
10002457;Проезд от Левобережной улицы до МКАД;4 категория;Утвержден;9031.14;129597286100001;?;Polygon
10002458;Проезд от Ленинградского шоссе до 3-й Сестрорецкой улицы;4 категория;Утвержден;6533.33;132051458900001;?;Polygon
10002458;Проезд от Ленинградского шоссе до 3-й Сестрорецкой улицы;4 категория;Утвержден;6533.33;132051458900001;?;Polygon
10002458;Проезд от Ленинградского шоссе до 3-й Сестрорецкой улицы;4 категория;Утвержден;6533.33;132051458900001;?;Polygon
10002458;Проезд от Ленинградского шоссе до 3-й Сестрорецкой улицы;4 категория;Утвержден;6533.33;132051458900001;?;Polygon
10002458;Проезд от Ленинградского шоссе до 3-й Сестрорецкой улицы;4 категория;Утвержден;6533.33;132051458900001;?;Polygon
10002458;Проезд от Ленинградского шоссе до 3-й Сестрорецкой улицы;4 категория;Утвержден;6533.33;132051458900001;?;Polygon
10002458;Проезд от Ленинградского шоссе до 3-й Сестрорецкой улицы;4 категория;Утвержден;6533.33;132051458900001;?;Polygon
10002458;Проезд от Ленинградского шоссе до 3-й Сестрорецкой улицы;4 категория;Утвержден;6533.33;132051458900001;?;Polygon
10002460;Проезд от Хорошевского шоссе к в-ч;4 категория;Утвержден;5126.6;132074876500001;?;Polygon
10002461;Проезд от ул.Новая Ипатовка к подстанции скорой помощи (ул.Новая Ипатовка, 3Ас1);4 категория;Утвержден;6753.02;111507156300001;?;Polygon
10002463;Проезд от ул. Зорге 6к.3 до ул. Куусинена;4 категория;Утвержден;1983.45;108725866200001;?;Polygon
10002464;Проезд от ул. Зорге 6к1 до ул. Куусинена;4 категория;Утвержден;1836.25;132074886300001;?;Polygon
10002465;Проезд от ул. Зорге 10к3 до ул. Куусинена;4 категория;Утвержден;1843.923;132953295600001;?;Polygon
10002466;Проезд от ул. Зорге 10к.1 до ул. Куусинена;4 категория;Утвержден;1913.24;132074885700001;?;Polygon
10002467;Проезд N 5 от ул. Зорге до ул. Куусинена;4 категория;Утвержден;2111.79;132074885300001;?;Polygon
10002468;Улица Военное поле;4 категория;Утвержден;2621.91;132061286100001;?;Polygon
10002469;Новопетровский проезд (пр.995);4 категория;Утвержден;24749.99;132703221900001;?;Polygon
10002469;Новопетровский проезд (пр.995);4 категория;Утвержден;24749.99;132703221900001;?;Polygon
10002470;Проезд от Дмитровского шоссе к институту «Зерна»;4 категория;Утвержден;1934.85;113203176400001;?;Polygon
10002471;Проезд вдоль Дмитровского шоссе от Красностуденческого проезда до Верхней аллеи;4 категория;Утвержден;14852.78;129599703000001;?;Polygon
10002472;Проезд вдоль Дмитровского шоссе от Лобненской улицы до Яхромской улицы;4 категория;Утвержден;9030.27;133418936600001;?;Polygon
10002472;Проезд вдоль Дмитровского шоссе от Лобненской улицы до Яхромской улицы;4 категория;Утвержден;9030.27;133418936600001;?;Polygon
10002473;Проезд вдоль 4-й детской больницы;4 категория;Утвержден;7502.91;130692753900001;?;Polygon
10002474;Проезд вдоль улицы Космонавта Волкова;4 категория;Утвержден;5850.92;130692729900001;?;Polygon
10002474;Проезд вдоль улицы Космонавта Волкова;4 категория;Утвержден;5850.92;130692729900001;?;Polygon
10002475;Проезд вдоль Ленинградского шоссе между Колпинской улицей и Ленинградским шоссе;5 категория;Утвержден;5543.14;129755235500001;?;Polygon
10002476;Проезд от ул. Поликарпова д. 25 до ул. Поликарпова;4 категория;Утвержден;5143.18;107339637700001;?;Polygon
10002477;Подъезд к дому №9 по Фестивальной улице;4 категория;Утвержден;2685.6093;132074895900001;?;Polygon
10002478;Проезд к дому №5 по Флотской улице ( подъезд к МФС №6 );4 категория;Утвержден;1539.7853;132074896700001;?;Polygon
10002480;Проезд от Астрадамской ул. до ул. Вучетича;4 категория;Утвержден;2645.63;129429788700001;?;Polygon
10002480;Проезд от Астрадамской ул. до ул. Вучетича;4 категория;Утвержден;2645.63;129429788700001;?;Polygon
10002481;Проезд от Б.Академической ул.к зданию ВОХР (Б.Академическая ул. 22к.7);4 категория;Утвержден;6795.45;128474905000001;?;Polygon
10002482;Проезд от Беговой улицы до б/з ( весь пр.пр. 1808);4 категория;Утвержден;6371.56;130692711900001;?;Polygon
10002483;Проезд от Беломорской ул. к пожарной части № 31;4 категория;Утвержден;2411.58;132569309100001;?;Polygon
10002484;Проезд от Беломорской ул.18, к.1 до Беломорской ул.;4 категория;Утвержден;5056.08;132074894100001;?;Polygon
10002486;Дегунинский проезд (Бескудниковский район);4 категория;Утвержден;10775.03;132062075200001;?;Polygon
10002486;Дегунинский проезд (Бескудниковский район);4 категория;Утвержден;10775.03;132062075200001;?;Polygon
10002489;Проезд от Валдайского проезда до Левобережной улицы;4 категория;Утвержден;6135.32;132074893100001;?;Polygon
10002489;Проезд от Валдайского проезда до Левобережной улицы;4 категория;Утвержден;6135.32;132074893100001;?;Polygon
10002490;Проезд от 1-го Войковского проезда до 5-го Войковского проезда;4 категория;Утвержден;3978.41;132716134500001;?;Polygon
10002491;Проезд от ул.Космонавта Волкова между д.17-19 до ул.Клары Цеткин;4 категория;Утвержден;2986.83;128972979500001;?;Polygon
10002492;Николая Рериха улица;4 категория;Утвержден;5545.91;131566043300001;?;Polygon
10002494;переулок 800-летия Москвы;4 категория;Утвержден;6966.16;132062365000001;?;Polygon
10002496;Пр-д от Дубнинской ул. до торгового центра вдоль д.17 корп.1 до Бескудниковского б-ра д.8 корп.4;4 категория;Утвержден;2777.82;109787471800001;?;Polygon
10002497;Проезд от улицы Зорге до улицы Берзарина;4 категория;Утвержден;1785.98;131544792800001;?;Polygon
10002499;Проезд от Дмитровского шоссе к Ивановской улице у прачечной «Чайка»;4 категория;Утвержден;1728.29;132074899500001;?;Polygon
10002503;Проезд от улицы Зои и Александра Космодемьянских, д.6;4 категория;Утвержден;1027.53;128970980100001;?;Polygon
10002504;Проезд от Дмитровского шоссе до улицы Костякова у кинотеатра Искра;4 категория;Утвержден;5466.87;132459381300001;?;Polygon
10002506;Проезд от Красностуденческого проезда до улицы Немчинова;4 категория;Утвержден;1316.5333;129600437600001;?;Polygon
10002507;Проезд от Левобережной улицы до улицы Дыбенко;4 категория;Утвержден;13011.4;131884697300001;?;Polygon
10002509;Проезды от Ленинградской улицы до 1-й Сестрорецкой улицы;4 категория;Утвержден;5313.7;130493416000001;?;Polygon
10002509;Проезды от Ленинградской улицы до 1-й Сестрорецкой улицы;4 категория;Утвержден;5313.7;130493416000001;?;Polygon
10002509;Проезды от Ленинградской улицы до 1-й Сестрорецкой улицы;4 категория;Утвержден;5313.7;130493416000001;?;Polygon
10002509;Проезды от Ленинградской улицы до 1-й Сестрорецкой улицы;4 категория;Утвержден;5313.7;130493416000001;?;Polygon
10002509;Проезды от Ленинградской улицы до 1-й Сестрорецкой улицы;4 категория;Утвержден;5313.7;130493416000001;?;Polygon
10002509;Проезды от Ленинградской улицы до 1-й Сестрорецкой улицы;4 категория;Утвержден;5313.7;130493416000001;?;Polygon
10002509;Проезды от Ленинградской улицы до 1-й Сестрорецкой улицы;4 категория;Утвержден;5313.7;130493416000001;?;Polygon
10002509;Проезды от Ленинградской улицы до 1-й Сестрорецкой улицы;4 категория;Утвержден;5313.7;130493416000001;?;Polygon
10002509;Проезды от Ленинградской улицы до 1-й Сестрорецкой улицы;4 категория;Утвержден;5313.7;130493416000001;?;Polygon
10002509;Проезды от Ленинградской улицы до 1-й Сестрорецкой улицы;4 категория;Утвержден;5313.7;130493416000001;?;Polygon
10002509;Проезды от Ленинградской улицы до 1-й Сестрорецкой улицы;4 категория;Утвержден;5313.7;130493416000001;?;Polygon
10002509;Проезды от Ленинградской улицы до 1-й Сестрорецкой улицы;4 категория;Утвержден;5313.7;130493416000001;?;Polygon
10002511;Проезд от Ленинрадского ш. до Ленинградского ш. 96, к.5;4 категория;Утвержден;3827.0121;108808770400001;?;Polygon
10002512;Проезд от Ленинградского шоссе к дому отдыха «Чайка»;4 категория;Утвержден;4088.77;130692732500001;?;Polygon
10002515;Проезд от Ленинградского шоссе, д.47 к спортгородку;4 категория;Утвержден;415.42;128970997100001;?;Polygon
10002516;Проезд от Ленинградского шоссе, д.д. 41-43 до спасательной станции;4 категория;Утвержден;2753.11;129665980400001;?;Polygon
10002517;Проезд от Ленинградского шоссе д.д. № 46,48 до улицы Адмирала Макарова д. № 31;4 категория;Утвержден;3068.37;128972371500001;?;Polygon
10002518;Проезд от Ленинградского шоссе до реки Клязьмы;4 категория;Утвержден;40847.81;132904637000001;?;Polygon
10002519;Проезд от Ленинградского шоссе до Иваньковского шоссе (Никольский тупик);4 категория;Утвержден;11174.22;130692731500001;?;Polygon
10002520;Проезд от Ленинградского шоссе до 2-го Новоподмосковного переулка;4 категория;Утвержден;7678.23;128970880100001;?;Polygon
10002520;Проезд от Ленинградского шоссе до 2-го Новоподмосковного переулка;4 категория;Утвержден;7678.23;128970880100001;?;Polygon
10002522;Проезд от Ленинградского шоссе до станции «Планерная»;4 категория;Утвержден;3811.0724;108493731200001;?;Polygon
10002523;Проезд от Ленинградского шоссе к промзоне Новоподрезково;4 категория;Утвержден;2571.1261;120056904100001;?;Polygon
10002525;Проезд от 3-й Магистральной улицы до предприятий;4 категория;Утвержден;3617.58;110116277700001;?;Polygon
10002526;Проезд от улицы Адмирала Макарова до ЛТП;4 категория;Утвержден;5327.9256;130692733300001;?;Polygon
10002527;Проезд от Михалковской ул. до 3-го Новомихалковского пр-да;4 категория;Утвержден;3579.35;125098658400001;?;Polygon
10002529;Проезд от 1-го до 2-го Новоподмосковного переулка;4 категория;Утвержден;4503.31;128970997700001;?;Polygon
10002530;Проезд от Нарвской улицы до метро «Водный стадион»;4 категория;Утвержден;26461.31;125325961900001;?;Polygon
10002531;Проезд от Нарвской улицы к СИЗО;4 категория;Утвержден;1049.99;128972001300001;?;Polygon
10002533;Проезд от Петровско-Разумовской аллеи до ул.Н.Башиловка;3 категория;Утвержден;6291.96;124931801200001;?;Polygon
10002534;Проезд от Петрозаводской ул. до Зеленоградской ул.;4 категория;Утвержден;15231.52;132074888300001;?;Polygon
10002535;Проезд от Скаковой аллеи до Беговой аллеи;4 категория;Утвержден;1216.2147;130692712300001;?;Polygon
10002536;Проезд от Скаковой аллеи до отделения полиции № 63;4 категория;Утвержден;1862.302;130692712700001;?;Polygon
10002537;Проезд от Дмитровского шоссе до Тимирязевской улицы;4 категория;Утвержден;7464.49;132074896900001;?;Polygon
10002537;Проезд от Дмитровского шоссе до Тимирязевской улицы;4 категория;Утвержден;7464.49;132074896900001;?;Polygon
10002537;Проезд от Дмитровского шоссе до Тимирязевской улицы;4 категория;Утвержден;7464.49;132074896900001;?;Polygon
10002538;Проезд от улицы Авиаконструктора Яковлева до улицы Усиевича;4 категория;Утвержден;916.66;132062022900001;?;Polygon
10002541;Проезд от Хорошевского ш. до 3-го Хорошевского проезда;4 категория;Утвержден;1069.5;132074887500001;?;Polygon
10002543;Проезд от сх техники к Приозерной улице;5 категория;Утвержден;1186.1586;113898269100001;?;Polygon
10002545;Проезд от ул. Ивана Сусанина 4к.1 до Дегунинской ул. (пр.пр. 6195);4 категория;Утвержден;4130.29;132953044800001;?;Polygon
10002547;Правобережная ул.;4 категория;Утвержден;13464.71;132074889900001;?;Polygon
10002547;Правобережная ул.;4 категория;Утвержден;13464.71;132074889900001;?;Polygon
10002548;Прибрежный проезд;4 категория;Утвержден;17941.97;125055319500001;?;Polygon
10002549;Приозёрная ул.;5 категория;Утвержден;6162.08;125038510000001;?;Polygon
10002551;Ул. Генерала Ивашутина;4 категория;Утвержден;14609.03;132074865700001;?;Polygon
10002552;Проезд от Дубнинской улицы до ОАО «НИИ стали»;4 категория;Утвержден;15727.32;132074353300001;?;Polygon
10002553;Проезд у РВК (Алабяна ул., д.5);4 категория;Утвержден;1604.49;132423546800001;?;Polygon
10002555;2-й Ходынский проезд;4 категория;Утвержден;4264.5;132074877900001;?;Polygon
10002557;улица Прянишникова;4 категория;Утвержден;23999.07;133446865600001;?;Polygon
10002558;Пулковская улица;4 категория;Утвержден;13314.75;125324270700001;?;Polygon
10002559;Путейская улица;2 категория;Утвержден;13970.35;127146073500001;?;Polygon
10002561;1-я Радиаторская улица;4 категория;Утвержден;5368.96;130692723300001;?;Polygon
10002562;2-я Радиаторская улица;4 категория;Утвержден;3982.54;130692724300001;?;Polygon
10002562;2-я Радиаторская улица;4 категория;Утвержден;3982.54;130692724300001;?;Polygon
10002563;3-я Радиаторская улица;4 категория;Утвержден;1188.06;128970883300001;?;Polygon
10002564;Разворотный круг по Петрозаводской улице;4 категория;Утвержден;4624.01;133330863100001;?;Polygon
10002566;Развязка МКАД - 77 км;6 категория;Утвержден;10745.57;127343303500001;?;Polygon
10002569;Расковой переулок;4 категория;Утвержден;5804.4;133353441000001;?;Polygon
10002570;Рогачёвский переулок;4 категория;Утвержден;6213.25;132063331100001;?;Polygon
10002571;улица Розанова;4 категория;Утвержден;5837.86;132074875500001;?;Polygon
10002572;Улица Генерала Рычагова;4 категория;Утвержден;13580.96;130692755300001;?;Polygon
10002572;Улица Генерала Рычагова;4 категория;Утвержден;13580.96;130692755300001;?;Polygon
10002573;улица Саврасова;4 категория;Утвержден;1253.27;131545454500001;?;Polygon
10002574;Светлый проезд;4 категория;Утвержден;10934.82;131540268800001;?;Polygon
10002575;Селигерская улица;4 категория;Утвержден;22102.8068;125054465800001;?;Polygon
10002575;Селигерская улица;4 категория;Утвержден;22102.8068;125054465800001;?;Polygon
10002576;Сенежская улица;4 категория;Утвержден;4059.51;133168970200001;?;Polygon
10002578;улица Серова;4 категория;Утвержден;473.99;131361890100001;?;Polygon
10002579;1-я Сестрорецкая улица;4 категория;Утвержден;2096.76;128379938100001;?;Polygon
10002580;2-я Сестрорецкая улица;4 категория;Утвержден;1771.57;129554011500001;?;Polygon
10002581;3-я Сестрорецкая улица;5 категория;Утвержден;1448.82;125093705600001;?;Polygon
10002583;улица Константина Симонова;4 категория;Утвержден;4123.8247;132062021300001;?;Polygon
10002584;Синявинская улица;5 категория;Утвержден;6264.76;129805578800001;?;Polygon
10002585;Скаковая аллея;4 категория;Утвержден;5236.4736;130692715100001;?;Polygon
10002586;Скаковая улица;4 категория;Утвержден;14344.2796;130692715900001;?;Polygon
10002588;Соболевский проезд;4 категория;Утвержден;24148.87;130692754700001;?;Polygon
10002589;Солнечногорская улица;4 категория;Утвержден;15608.9864;132074854900001;?;Polygon
10002590;Солнечногорский проезд;4 категория;Утвержден;12332.58;132074855100001;?;Polygon
10002591;проезд Соломенной Сторожки;4 категория;Утвержден;11409.62;124813588500001;?;Polygon
10002593;Старофилинская улица;4 категория;Утвержден;2698.3446;113900469900001;?;Polygon
10002594;Старокоптевский переулок;4 категория;Утвержден;9023.09;130692754900001;?;Polygon
10002594;Старокоптевский переулок;4 категория;Утвержден;9023.09;130692754900001;?;Polygon
10002595;Автостоянка по адресу Талдомская ул., д.6;5 категория;Утвержден;354.96;132074880100001;?;Polygon
10002598;улица Степана Супруна;4 категория;Утвержден;5008.21;132061958500001;?;Polygon
10002599;улица Сурикова;4 категория;Утвержден;6276.66;131681592300001;?;Polygon
10002606;Тимирязевский проезд;4 категория;Утвержден;2807.41;132074898900001;?;Polygon
10002607;Тротуар вдоль Головинских прудов;4 категория;Утвержден;4438.65;125074341700001;?;Polygon
10002607;Тротуар вдоль Головинских прудов;4 категория;Утвержден;4438.65;125074341700001;?;Polygon
10002608;Трудовая аллея;4 категория;Утвержден;2446.42;132712281500001;?;Polygon
10002609;улица Усиевича;4 категория;Утвержден;28465.49;127266029300001;?;Polygon
10002610;Учинская улица;4 категория;Утвержден;8987.01;132074859500001;?;Polygon
10002611;Факультетский переулок;4 категория;Утвержден;4886.48;131442182300001;?;Polygon
10002613;Улица Маршала Федоренко;3 категория;Утвержден;25703.27;132074862300001;?;Polygon
10002620;3-й Хорошевский проезд;4 категория;Утвержден;9977;132953295900001;?;Polygon
10002621;Хорошевский тупик;4 категория;Утвержден;13638.6;132074867500001;?;Polygon
10002621;Хорошевский тупик;4 категория;Утвержден;13638.6;132074867500001;?;Polygon
10002621;Хорошевский тупик;4 категория;Утвержден;13638.6;132074867500001;?;Polygon
10002623;1-я Хуторская улица;4 категория;Утвержден;10621.86;123344092100001;?;Polygon
10002623;1-я Хуторская улица;4 категория;Утвержден;10621.86;123344092100001;?;Polygon
10002623;1-я Хуторская улица;4 категория;Утвержден;10621.86;123344092100001;?;Polygon
10002625;Хуторской 1-й переулок;4 категория;Утвержден;2626.1;132074902100001;?;Polygon
10002626;Хуторской 2-й переулок;4 категория;Утвержден;2385.33;132074902300001;?;Polygon
10002627;Хуторской 3-й переулок;4 категория;Утвержден;1376.4166;132074903700001;?;Polygon
10002628;Хуторской 4-й переулок;4 категория;Утвержден;1796.7401;132074902900001;?;Polygon
10002630;2-й Цветковский проезд;4 категория;Утвержден;1251.23;102303314100001;?;Polygon
10002631;улица Клары Цеткин;3 категория;Утвержден;35244.25;112505687900001;?;Polygon
10002631;улица Клары Цеткин;3 категория;Утвержден;35244.25;112505687900001;?;Polygon
10002632;Улица Лизы Чайкиной;4 категория;Утвержден;7210.79;132061851100001;?;Polygon
10002634;Часовая улица;4 категория;Утвержден;29607.7164;125053864100001;?;Polygon
10002635;проезд Черепановых;4 категория;Утвержден;49777.82;130692754300001;?;Polygon
10002635;проезд Черепановых;4 категория;Утвержден;49777.82;130692754300001;?;Polygon
10002635;проезд Черепановых;4 категория;Утвержден;49777.82;130692754300001;?;Polygon
10002635;проезд Черепановых;4 категория;Утвержден;49777.82;130692754300001;?;Polygon
10002636;улица Черняховского;4 категория;Утвержден;25883.42;124938447800001;?;Polygon
10002636;улица Черняховского;4 категория;Утвержден;25883.42;124938447800001;?;Polygon
10002636;улица Черняховского;4 категория;Утвержден;25883.42;124938447800001;?;Polygon
10002637;Чуксин тупик;4 категория;Утвержден;3857.1712;132074898500001;?;Polygon
10002638;Шебашевский переулок;4 категория;Утвержден;5092.7235;132061852700001;?;Polygon
10002639;Шебашевский проезд;4 категория;Утвержден;6678.0764;124939154000001;?;Polygon
10002640;Улица Шишкина;4 категория;Утвержден;3269.9;131545631100001;?;Polygon
10002641;Эльдорадовский переулок;4 категория;Утвержден;4043.8241;124939242800001;?;Polygon
10002642;улица Юннатов;4 категория;Утвержден;13047.79;129658060700001;?;Polygon
10002642;улица Юннатов;4 категория;Утвержден;13047.79;129658060700001;?;Polygon
10002643;улица Авиаконструктора Яковлева;4 категория;Утвержден;11791.6385;132349136800001;?;Polygon
10002647;Яхромская улица;4 категория;Утвержден;5730.92;132919762800001;?;Polygon
10002648;Дубнинский проезд;4 категория;Утвержден;20528.09;132072105900001;?;Polygon
10002649;местный проезд к Ледовому дворцу;4 категория;Утвержден;18676.9986;132074864300001;?;Polygon
10002651;Подъезд к монументу «Защитников Москвы»;5 категория;Утвержден;2719.8923;113898330800001;?;Polygon
10002652;Проектируемый проезд № 6340 между ул. Авиаконструктора Сухого и Ходынским бульваром;4 категория;Утвержден;3793.6;124946457100001;?;Polygon
10002654;Проектируемый проезд № 3570;4 категория;Утвержден;3806.18;132074889300001;?;Polygon
10002656;улица Полины Осипенко (пр.пр № 5489);4 категория;Утвержден;18506.37;132074864700001;?;Polygon
10002657;Клинский проезд (Проезд вдоль больницы Химки - Ховрино);3 категория;Утвержден;9469.18;132074888700001;?;Polygon
10002659;Проезд от ул. Гризодубовой до дома 38Дс.1 по Хорошевскому шоссе;4 категория;Утвержден;4267.7;124946132200001;?;Polygon
10002660;Проектируемый проезд № 6175;4 категория;Утвержден;6613.45;132709553600001;?;Polygon
10002661;улица генерала Сандалова (пр 5508);4 категория;Утвержден;23006.49;125055319100001;?;Polygon
10002662;Проектируемый проезд № 6176;4 категория;Утвержден;9753.01;133268500000001;?;Polygon
10002663;Улица Маргелова (пр. №6367);2 категория;Утвержден;28247.53;109341827400001;?;Polygon
10002665;Проезд вокруг автомойки по адресу ул.Космонавта Волкова 26А;4 категория;Утвержден;2266.85;126397254500001;?;Polygon
10005151;Проезд от ул. Нижняя д. 11 вдоль железной дороги;4 категория;Утвержден;4845.75;130692713300001;?;Polygon
10005152;Проезд от вл. 3 до вл. 11-А по Старопетровскому проезду;4 категория;Утвержден;5620.69;128972178900001;?;Polygon
10005152;Проезд от вл. 3 до вл. 11-А по Старопетровскому проезду;4 категория;Утвержден;5620.69;128972178900001;?;Polygon
10005153;Проезд от Новосходненского шоссе, до д.61 по Новосходненскому шоссе;4 категория;Утвержден;1015.81;129805632200001;?;Polygon
10005155;Дубнинская улица, д. 8 «Б» (автостоянка);4 категория;Утвержден;1176.6;89581736200001;?;Polygon
10005159;Проезд от Ижорской улицы к снегосплавильной камере (ул.Бусиновская Горка 1Г);4 категория;Утвержден;5015.72;132074870800001;?;Polygon
10005160;Проезд от ул. Софьи Ковалевской к дет саду № 1268;4 категория;Утвержден;341.02;125631930800001;?;Polygon
10005161;Проезд от ул. Вагоноремонтная д. 4 до ЛКСМиК;4 категория;Утвержден;6035.43;132074860500001;?;Polygon
10005162;Проезд от ул. Коптевская до автозаправочной станции (ул. Коптевская, 69с.1);4 категория;Утвержден;2776.64;125060116500001;?;Polygon
10005162;Проезд от ул. Коптевская до автозаправочной станции (ул. Коптевская, 69с.1);4 категория;Утвержден;2776.64;125060116500001;?;Polygon
10005164;Территория по улице Смольная вл. 35;4 категория;Утвержден;2213.7;125314512500001;?;Polygon
10005165;Проезд от Ленинградского шоссе, вл. 71;4 категория;Утвержден;5233.53;132074893700001;?;Polygon
10005167;Ленинградское ш. 63, к.1;4 категория;Утвержден;1746.53;132074896300001;?;Polygon
10005168;Проезд от Ленинградского шоссе, вл. 53-57;4 категория;Утвержден;3642.37;125043213000001;?;Polygon
10005170;Проезд от Беломорской ул. 18, к.1 до Смольной ул;4 категория;Утвержден;4259.19;132074894700001;?;Polygon
10005172;Проезд от Левой Дворцовой аллеи до ул. Красноармейской улицы;4 категория;Утвержден;1637.77;124937537200001;?;Polygon
10005173;Проезд между д. 98 и д. 100 по Дмитровскому шоссе к д. 1-5 по ул. 800-летия Москвы;4 категория;Утвержден;3116.96;133130965700001;?;Polygon
10005175;Проезд от Лихоборской набережной к платформе НАТИ (Съезд с СВХ до Лихоборской набережной);4 категория;Утвержден;5909.72;132074857500001;?;Polygon
10005179;Проезд от Мелькисаровской улице от д.28 до д.49;5 категория;Утвержден;2124.7631;113895154900001;?;Polygon
10006106;Проезд от Валдайского проезда до Прибрежного проезда;4 категория;Утвержден;11522.01;132074890300001;?;Polygon
12344839;Проезд от Валдайского проезда до Смольной улицы;4 категория;Утвержден;7733.56;132074892100001;?;Polygon
12344840;Проезд от ул. Пяловская д.1 до Дегунинской ул. (пр.пр. 6190);4 категория;Утвержден;4807.27;132074872100001;?;Polygon
12344841;Проезд от ул. Дегунинская д.6 до Коровинского ш. (пр.пр. 6191);4 категория;Утвержден;4073.47;132074875700001;?;Polygon
12344842;Дмитровское шоссе, д. 96 к.2 (проезд вдоль автошколы от Бескудниковского проезда до д. 96 к. 1 по Дмитровскому шоссе);4 категория;Утвержден;548.0;132070829500001;?;Polygon
12344843;Ул. Клязьминская, д.1 к.1 (дорога к автостоянке № 42/2);4 категория;Утвержден;447.38;125661628100001;?;Polygon
12344844;Лобненская ул., д. 14 , Дорога от ул. Лобненская к магазину «Пятёрочка» ЗАО «БИН»;4 категория;Утвержден;1722.86;123754984100001;?;Polygon
12344846;Пяловская ул., вл. 3, (автостоянка);4 категория;Утвержден;5097.93;127323930700001;?;Polygon
12344847;Ильменский проезд, проезд от д. 9 к д.9А;4 категория;Утвержден;1877.64;132074878400001;?;Polygon
12344850;Ижорская, д. 7 , подъездные пути у ОАО ПКП «Меридиан»;4 категория;Утвержден;8094.43;132074869900001;?;Polygon
12344853;Авиаконструктора Микояна, д. 14, к. 1-4, прилегающая территория к реке «Ходынка» и ЦСКА;4 категория;Утвержден;3277.19;116918264100001;?;Polygon
12344853;Авиаконструктора Микояна, д. 14, к. 1-4, прилегающая территория к реке «Ходынка» и ЦСКА;4 категория;Утвержден;3277.19;116918264100001;?;Polygon
12344920;Балтийская ул.;2 категория;Утвержден;26742.88;123456983200001;?;Polygon
12344932;Коровинское ш. вл.41-43, проезд между ФГУП «Госзнак» и ООО «Браво-Д»;4 категория;Утвержден;885.55;132074879100001;?;Polygon
12344934;Дмитровское ш. д. 75 , подъездные пути у ОАО «Союзцветметавтоматика»;4 категория;Утвержден;4124.65;127493801100001;?;Polygon
12344968;Проезд от Валдайского проезда до Ленинградского шоссе;4 категория;Утвержден;2954.29;124911395800001;?;Polygon
12344969;Проезд от ул. Дегунинская д.14 до Коровинского ш. (пр.пр. 6193);4 категория;Утвержден;4707.28;132074872700001;?;Polygon
12344970;Проезд от ул. Дегунинская д.22 до Коровинского ш. (пр.пр. 6194);4 категория;Утвержден;4283.4866;132074873900001;?;Polygon
12344971;ул. 800-летия Москвы, д. 1, к. 1 (проезд между магазином «Автотехцентр» и газоном);4 категория;Утвержден;1143.24;132706291000001;?;Polygon
12345011;Зорге ул., вл. 3-5, тупик;4 категория;Утвержден;6169.73;132393796300001;?;Polygon
12345062;1-й Хорошевский проезд;4 категория;Утвержден;8571.9;125054581000001;?;Polygon
12345062;1-й Хорошевский проезд;4 категория;Утвержден;8571.9;125054581000001;?;Polygon
12345070;Панфилова улица;4 категория;Утвержден;31206.68;130692766400001;?;Polygon
12345087;1-й Хорошевский проезд д.3;4 категория;Утвержден;2245.56;108740031200001;?;Polygon
12345089;улица 8 Марта;2 категория;Утвержден;33615.54;127144422700001;?;Polygon
12345219;ул. Маршала Шапошникова;2 категория;Утвержден;22838.22;95726799200001;?;Polygon
12345226;1-й Амбулаторный проезд;4 категория;Утвержден;2680.034;102303404900001;?;Polygon
12345369;Ижорский проезд ( проезд от Коровинского ш. до Лобненской ул.);4 категория;Утвержден;22040.29;133471347800001;?;Polygon
12345422;Ходынский бульвар;3 категория;Утвержден;20150.45;133474010300001;?;Polygon
12345422;Ходынский бульвар;3 категория;Утвержден;20150.45;133474010300001;?;Polygon
13703280;ОРП Ленинградское шоссе вл.71;4 категория;Утвержден;28028.01;132953764700001;?;Polygon
123454100;улица Зои и Александра Космодемьянских;3 категория;Утвержден;58977.06;133318333800001;?;Polygon
123454100;улица Зои и Александра Космодемьянских;3 категория;Утвержден;58977.06;133318333800001;?;Polygon
218907680;Фестивальная ул. проезд к дому 20А;4 категория;Утвержден;244.74;108789647500001;?;Polygon
218912060;Смольная ул. (проезд между д.34 и д.36);4 категория;Утвержден;1466.24;107203698800001;?;Polygon
308818896;Ижорская улица;2 категория;Утвержден;75571.17;111982895500001;?;Polygon
308821441;Улица Вучетича;4 категория;Утвержден;34183.93;125053742500001;?;Polygon
309891302;улица Лавочкина (Ховрино);3 категория;Утвержден;57229.52;123329459300001;?;Polygon
312769789;Лобненская улица на пересечении с улицей Вагоноремонтная;4 категория;Утвержден;2404.14;132074861100001;?;Polygon
312816226;Дубнинская улица, владение 83а;4 категория;Утвержден;5256.66;132074853100001;?;Polygon
312823924;Лобненская улица (напротив д. 12 к.1);4 категория;Утвержден;1306.51;102863109600001;?;Polygon
312823924;Лобненская улица (напротив д. 12 к.1);4 категория;Утвержден;1306.51;102863109600001;?;Polygon
312823977;Проезд Черепановых, участок от ул. Лихоборские бугры до д. 72;4 категория;Утвержден;15474.27;130692754500001;?;Polygon
313704656;ТПУ «Красный Балтиец» (район Коптево);4 категория;Утвержден;20518.79;130692755100001;?;Polygon
313704656;ТПУ «Красный Балтиец» (район Коптево);4 категория;Утвержден;20518.79;130692755100001;?;Polygon
314762004;Проезд от Ленинрадского ш.67 до ЖК «Акватория»;4 категория;Утвержден;6279.28;132074892500001;?;Polygon
314941507;Площадка между сквером у кинотеатром «Баку» и рынком;4 категория;Утвержден;7245.49;102303243400001;?;Polygon
314947794;3-я улица Ямского поля, д.17;4 категория;Утвержден;2460.74;130692708700001;?;Polygon
314949734;Скаковая улица д. 19, стоянка у «Мосхолода»;4 категория;Утвержден;779.39;123536325200001;?;Polygon
314989689;Пешеходная галерея по Хорошевскому шоссе владение 2-20;4 категория;Утвержден;1026.23;126496284800001;?;Polygon
314997846;Проезд от ул. Генерала Сандалова до д. 37к.12 по Ленинградскому проспекту (проезд №5506а);4 категория;Утвержден;2342.61;132074884900001;?;Polygon
656513337;Проезд от улицы Правобережная до МКАД;4 категория;Утвержден;1340.52;133020353300001;?;Polygon
663824725;Разворот под Бутаковским мостом;4 категория;Утвержден;4001.298;132074895300001;?;Polygon
667006150;ТПУ Речной вокзал АвД САО (Фестивальная ул);9 категория;Утвержден;6489.85;131321993600001;?;Polygon
667006150;ТПУ Речной вокзал АвД САО (Фестивальная ул);9 категория;Утвержден;6489.85;131321993600001;?;Polygon
667006150;ТПУ Речной вокзал АвД САО (Фестивальная ул);9 категория;Утвержден;6489.85;131321993600001;?;Polygon
667006150;ТПУ Речной вокзал АвД САО (Фестивальная ул);9 категория;Утвержден;6489.85;131321993600001;?;Polygon
667006150;ТПУ Речной вокзал АвД САО (Фестивальная ул);9 категория;Утвержден;6489.85;131321993600001;?;Polygon
667006150;ТПУ Речной вокзал АвД САО (Фестивальная ул);9 категория;Утвержден;6489.85;131321993600001;?;Polygon
667006150;ТПУ Речной вокзал АвД САО (Фестивальная ул);9 категория;Утвержден;6489.85;131321993600001;?;Polygon
667006150;ТПУ Речной вокзал АвД САО (Фестивальная ул);9 категория;Утвержден;6489.85;131321993600001;?;Polygon
667006150;ТПУ Речной вокзал АвД САО (Фестивальная ул);9 категория;Утвержден;6489.85;131321993600001;?;Polygon
668171191;Коптевский путепровод;2 категория;Утвержден;12846.86;99243622500001;?;Polygon
674715531;Талдомская ул. (вл.1-5);4 категория;Утвержден;4277.42;132074874300001;?;Polygon
689701320;Проезд к Хорошевскому шоссе вл. 38, корп. 138;4 категория;Утвержден;2058.02;108213878400001;?;Polygon
689724416;Проезд парковка у Линкора от ул. Авиаконструктора Микояна;4 категория;Утвержден;14002.3;132953192200001;?;Polygon
689738931;Местный проезд за ТЦ «Авиапарк»;4 категория;Утвержден;14232.39;132074866300001;?;Polygon
689745536;Парковка на 2-й Магистральной у дома 8;4 категория;Утвержден;1751.52;123771530900001;?;Polygon
692179795;Подъездной путь от Хорошевского шоссе до ул. Зорге вл. 7Б;4 категория;Утвержден;3645.0;132074880700001;?;Polygon
692179961;Проезд к платформе «Зорге»(Новопесчаная), прилегающая к платформе;4 категория;Утвержден;1521.4944;132074886700001;?;Polygon
692881700;Раздельная улица;4 категория;Утвержден;4806.2;132074901100001;?;Polygon
692881700;Раздельная улица;4 категория;Утвержден;4806.2;132074901100001;?;Polygon
696585917;Ул.Автомоторная д.6;4 категория;Утвержден;4206.98;117133412800001;?;Polygon
696590030;Ул.Автомоторная д.5;4 категория;Утвержден;1473.2316;117139667900001;?;Polygon
696603172;Территория от м.Водный стадион (Северный вестибюль) до Конаковского проезда;4 категория;Утвержден;6690.18;133107393100001;?;Polygon
696650686;Ленинградское шоссе д.58;4 категория;Утвержден;2526.36;107551927800001;?;Polygon
696723989;Проезд к Российскому подарку от ул. Зорге;4 категория;Утвержден;5691.09;132074876300001;?;Polygon
696778992;Проезд от 4-й Магистральной ул. к Росгеофонду;4 категория;Утвержден;1330.0547;132074887100001;?;Polygon
701391882;Проезд Березовой Рощи напротив д. 10;4 категория;Утвержден;1796.53;132074886500001;?;Polygon
701392862;Тупик, Зорге 7 Б с.1;4 категория;Утвержден;3250.15;116220534400001;?;Polygon
701506197;Въезд на стройгородок с Хорошевского шоссе;4 категория;Утвержден;8190.44;132074871900001;?;Polygon
702256433;Проезд от 3-й Магистральной ул. До 1-й Магистральной ул.;4 категория;Утвержден;2565.9;132074884300001;?;Polygon
708032410;Проезд от ул. С. Ковалевской до ул. Учинская;4 категория;Утвержден;1435.61;112679769700001;?;Polygon
708061019;Площадка на пересечении ул. Лобненская и Дмитровского ш.;4 категория;Утвержден;668.326;123754986300001;?;Polygon
708071607;Проезд от ул. С. Ковалевской до ул. Лобненская, 9Ас1 (к зданию мировых судей);4 категория;Утвержден;625.47;125304557600001;?;Polygon
713680012;Яхромский проезд (район Дмитровский);4 категория;Утвержден;13704.36;132074859300001;?;Polygon
721910820;ТПУ ЦСКА Жилищник Хорошевский;9 категория;Утвержден;14428.07;132423933700001;?;Polygon
740724327;улица Асеева;4 категория;Утвержден;8942.19;124937600200001;?;Polygon
743031382;Лихоборская набережная,Лихоборская набережная от4-го Лихачёвского переулка до свалки;4 категория;Утвержден;23772.49;132074854500001;?;Polygon
743155113;СВХ. Разворотная эстакада на участке от улицы Фестивальная до Дмитровского шоссе;4 категория;Утвержден;10296.28;132074894500001;?;Polygon
743160645;Проезд от Лихоборской набережной к очистным сооружениям №2;4 категория;Утвержден;2336.57;132074858300001;?;Polygon
747659886;Маршала Судца улица;4 категория;Утвержден;6765.588;124944555200001;?;Polygon
752841575;Проектируемый проезд №6196;4 категория;Утвержден;6514.2;132062446500001;?;Polygon
753112476;ТПУ «Стрешнево»;4 категория;Утвержден;7412.93;131558544500001;?;Polygon
753143116;Станционная улица (Тимирязевский район);3 категория;Утвержден;8873.13;132074895100001;?;Polygon
753252664;Нарвская улица (Войковский район);3 категория;Утвержден;11144.47;125325330100001;?;Polygon
753910184;Проезд к сухой снегосвалке со стороны Московской окружной ж.д. (Черепановых проезд д. 23А);4 категория;Утвержден;5577.45;108647855900001;?;Polygon
753911979;Проезды от Кронштадтского бульвара д. 35а до Кронштадтского бульвара и Смольной улицы;4 категория;Утвержден;5181.72;117042539300001;?;Polygon
753911979;Проезды от Кронштадтского бульвара д. 35а до Кронштадтского бульвара и Смольной улицы;4 категория;Утвержден;5181.72;117042539300001;?;Polygon
753913983;4-й Лихачевский переулок;4 категория;Утвержден;24575.2;132074854300001;?;Polygon
753913983;4-й Лихачевский переулок;4 категория;Утвержден;24575.2;132074854300001;?;Polygon
753930590;Проезд от Верхней аллеи до Дмитровского шоссе (Дмитровское шоссе 47 к.2);4 категория;Утвержден;1151.64;132074899900001;?;Polygon
753970186;Проезд от ул. Базовская 3с.1 до ул. Базовская 15к.11 (пр. пр. 4370);4 категория;Утвержден;23631.1;133363692200001;?;Polygon
754127963;2-й Амбулаторный проезд;4 категория;Утвержден;16066.9567;124931802000001;?;Polygon
754377899;Дмитровское ш. д.79-85 , подъездные пути;4 категория;Утвержден;11544.2413;105508117900001;?;Polygon
754377899;Дмитровское ш. д.79-85 , подъездные пути;4 категория;Утвержден;11544.2413;105508117900001;?;Polygon
754377899;Дмитровское ш. д.79-85 , подъездные пути;4 категория;Утвержден;11544.2413;105508117900001;?;Polygon
754377899;Дмитровское ш. д.79-85 , подъездные пути;4 категория;Утвержден;11544.2413;105508117900001;?;Polygon
754378836;Дмитровское ш., д. 71, подъездные пути у ОАО «ЦНИТИ» и ОАО «Бак Ява»;4 категория;Утвержден;5034.67;105508116700001;?;Polygon
754379044;Краснополянская ул., вл.10 , проезд от Бусиновского проезда к ОАО «Мясопром-Коровино»;4 категория;Утвержден;10493.06;132074868700001;?;Polygon
754379531;Краснополянская улица;4 категория;Утвержден;31722.31;132074861800001;?;Polygon
754380161;Новая улица;4 категория;Утвержден;14090.16;132074866500001;?;Polygon
754380161;Новая улица;4 категория;Утвержден;14090.16;132074866500001;?;Polygon
754380161;Новая улица;4 категория;Утвержден;14090.16;132074866500001;?;Polygon
754381063;Проезд от Пяловской ул. до Ивана Сусанина ул.;4 категория;Утвержден;29122.26;127200084900001;?;Polygon
754382230;Пяловская улица;3 категория;Утвержден;16278.05;112486539700001;?;Polygon
754383400;улица Бусиновская Горка;3 категория;Утвержден;26780.95;132074862100001;?;Polygon
754774867;Фармацевтический проезд;4 категория;Утвержден;14123.09;130692755900001;?;Polygon
754779882;улица Лихоборские Бугры;4 категория;Утвержден;10733.93;130692755500001;?;Polygon
757152892;Территория проезда вокруг Академии хорового искусства имени В.С. Попова;4 категория;Утвержден;10148.9;132074891500001;?;Polygon
757155807;Валдайский проезд;4 категория;Утвержден;19179.36;132078044500001;?;Polygon
757167368;Проезд к гаражам от северного вестибюля ст. метро «Речной вокзал»;4 категория;Утвержден;4841.46;125043212800001;?;Polygon
789337606;ТПУ Тимирязевская Жилищник Тимирязевский;9 категория;Утвержден;10314.3192;132426176800001;?;Polygon
789338230;ТПУ Дмитровская;4 категория;Утвержден;2741.7404;132074899300001;?;Polygon
790307032;ТПУ Петровско-Разумовская (Люблинско-Дмитровская линия);4 категория;Утвержден;3094.73;132074898700001;?;Polygon
790307032;ТПУ Петровско-Разумовская (Люблинско-Дмитровская линия);4 категория;Утвержден;3094.73;132074898700001;?;Polygon
790307032;ТПУ Петровско-Разумовская (Люблинско-Дмитровская линия);4 категория;Утвержден;3094.73;132074898700001;?;Polygon
790307032;ТПУ Петровско-Разумовская (Люблинско-Дмитровская линия);4 категория;Утвержден;3094.73;132074898700001;?;Polygon
794104359;Проезд от Дмитровского шоссе до Коровинского шоссе;2 категория;Утвержден;1405.03;123375257100001;?;Polygon
794680693;Проезд до дома 23Б по Ленинградскому шоссе;4 категория;Утвержден;2869.2081;129598677500001;?;Polygon
805766376;Съезд с 3-го Нижнелихоборского проезда на Северо-Восточную хорду;2 категория;Утвержден;4572.27;133493101600001;?;Polygon
809267299;Съезд №6( Левоповоротный съезд с Северной рокады из центра на Большую Академическую улицу, правоповоротный съезд с Северной рокады из области на Большую Академическую улицу;2 категория;Утвержден;13238.37;106097846800001;?;Polygon
810162936;Валаамская улица;4 категория;Утвержден;23488.21;132074891700001;?;Polygon
810162936;Валаамская улица;4 категория;Утвержден;23488.21;132074891700001;?;Polygon
814052668;улица Святослава Федорова;4 категория;Утвержден;5232.88;132070174500001;?;Polygon
871028684;Улица Алабяна Разворотный участок (АВД САО);4 категория;Утвержден;10500.36;131690746500001;?;Polygon
871599900;улица Михаила Якушина;4 категория;Утвержден;2746.5395;129598538900001;?;Polygon
883421444;Мирской проезд;4 категория;Утвержден;1042.0186;132074904500001;?;Polygon
885733945;Улица Алабяна прямой ход (АВД САО);3 категория;Утвержден;8077.93;131697687000001;?;Polygon
886832264;Проезд от 8-го Новоподмосковного переулка вдоль дома 15 к.1 по Большой Академической ул.;4 категория;Утвержден;1910.17;100206116900001;?;Polygon
889135460;улица Игоря Численко;4 категория;Утвержден;2877.1777;129598384400001;?;Polygon
895550577;ул.800-летия Москвы д.5 корп.3 (Межквартальный проезд);4 категория;Утвержден;1272.59;132311639800001;?;Polygon
896195952;Дубнинская д 79 корп.2 автопарковка;4 категория;Утвержден;3841.44;123590555600001;?;Polygon
896195952;Дубнинская д 79 корп.2 автопарковка;4 категория;Утвержден;3841.44;123590555600001;?;Polygon
896385595;Автостоянка у ТД ВИСТИ;4 категория;Утвержден;1967.39;132074853700001;?;Polygon
901875129;улица Чавеса;4 категория;Утвержден;2830.71;132074883500001;?;Polygon
903721967;Ул. Коптевская вл 71 автостоянка;4 категория;Утвержден;2828.28;111241616900001;?;Polygon
903722399;Нарвская улица, 2с37 автостоянка;4 категория;Утвержден;1927.88;102923944300001;?;Polygon
903739596;Михалковская улица, 65к1с2 подъезд к диспансеру;4 категория;Утвержден;4093.3719;125085003800001;?;Polygon
903766419;Проезд от ул. Академика Ильюшина до Кочновского проезда;4 категория;Утвержден;4268.05;123398496300001;?;Polygon
903820014;ул. Петрозаводская д.24Б (ООО «Крона» ТЦ «Ховрино»);4 категория;Утвержден;3245.53;129598679500001;?;Polygon
904194612;Проезд от д. 5 к.3 до д. 11 по 3-й Радиаторской улице;4 категория;Утвержден;2835.42;128972025300001;?;Polygon
906610828;улица Юрия Никулина;4 категория;Утвержден;9101.0208;124938554000001;?;Polygon
913388356;Подъезд к д 1 от ул. Маршала Шапошникова;4 категория;Утвержден;2570.0555;130692711100001;?;Polygon
914079787;Фестивальная улица подъезд к 8 с 2;4 категория;Утвержден;4331.76;108294506900001;?;Polygon
915397351;Зеленоградская улица 15 автостоянка;4 категория;Утвержден;4091.44;133102040700001;?;Polygon
930931670;Проезд от ул Маршала Шапошникова до ул. Генерала Сандалова вдоль гостиницы «Аэростар»;4 категория;Утвержден;3314.88;132074881900001;?;Polygon
930931670;Проезд от ул Маршала Шапошникова до ул. Генерала Сандалова вдоль гостиницы «Аэростар»;4 категория;Утвержден;3314.88;132074881900001;?;Polygon
937069970;Проезд от улицы Лихоборские Бугры до 4-го Новомихалковского проезда вдоль д.63;4 категория;Утвержден;4525.5;107197655500001;?;Polygon
937167505;ул. Большая Академическая (разворотный участок от ул. Космонавта Волкова);1 категория;Утвержден;11159.2735;127366898200001;?;Polygon
937922589;ул. Большая Академическая (разворотный участок от ул. З. и А. Космодемьянских);1 категория;Утвержден;1861.57;102863889300001;?;Polygon
942003713;Проезд от Фестивальной улицы до Храма;4 категория;Утвержден;452.68;132074898300001;?;Polygon
942735034;Проезд от ул. Черняховского до Кочновского проезда;4 категория;Утвержден;1058.598;109758369500001;?;Polygon
945059477;Проезд от ОДХ «Проезд от ул Вагоноремонтная д 4 до ЛКСМиК» до въезда в физкультурно-оздоровительного центра;4 категория;Утвержден;122.04;132074861500001;?;Polygon
945154270;парковка на пересечении тимирязевской улицы и Дмитровского проезда (у торгового центра парк 11);4 категория;Утвержден;794.35;129598736900001;?;Polygon
945154270;парковка на пересечении тимирязевской улицы и Дмитровского проезда (у торгового центра парк 11);4 категория;Утвержден;794.35;129598736900001;?;Polygon
946451160;Проезд в тупик от Новосходненского шоссе дома 28 до дома 26;4 категория;Утвержден;295.96;125059676500001;?;Polygon
947838051;Проезд от ул. Адмирала Макарова до дома 38, к. 2 по Ленинградскому шоссе;4 категория;Утвержден;874.52;128972569300001;?;Polygon
949259699;г.Москва, САО Проезд от Новосходненского шоссе дома 84 до дома 74;4 категория;Утвержден;624.72;132759818300001;?;Polygon
949261261;Проезд от Новосходненского ш. до ст.«Новоподрезково» (Верескино);4 категория;Утвержден;6763.38;132558930900001;?;Polygon
949262595;Проезд от Новосходненского шоссе от дома 72 дома 74;5 категория;Утвержден;523.96;132164612200001;?;Polygon
949264400;Проезд от Ленинградского шоссе к 374 дому;5 категория;Утвержден;657.25;97673267500001;?;Polygon
949276145;Проезд от Ленинградского шоссе 296 до дома 300;4 категория;Утвержден;1845.21;125059676300001;?;Polygon
949276145;Проезд от Ленинградского шоссе 296 до дома 300;4 категория;Утвержден;1845.21;125059676300001;?;Polygon
951786094;Проезд от Локомотивного проезда до дома 21 (НИИ Строительной физики);4 категория;Утвержден;1945.42;113203594100001;?;Polygon
969198965;Проезд от Московской аллеи до Петровско-Разумовской аллеи;4 категория;Утвержден;6198.3;124937538400001;?;Polygon
972447957;Проезд вдоль Дмитровского ш. от Яхромского проезда.;4 категория;Утвержден;2528.22;105369217100001;?;Polygon
972879636;Проезд от Тимирязевской до Вучетича вдоль дома 33;5 категория;Утвержден;2073.1935;132475982200001;?;Polygon
974240417;Проезд от Новосходненского шоссе дома 42 до дома 46 стр 12;4 категория;Утвержден;1124.4222;120073625500001;?;Polygon
975114306;Подъезд от Михалковской улицы к станции МЦК Коптево;4 категория;Утвержден;2170.3509;97511430600001;?;Polygon
999501146;Подъезд к Храму от Ленинградского шоссе;4 категория;Утвержден;665.91;132567555800001;?;Polygon
1022423476;Сигнальный проезд САО;4 категория;Утвержден;11876.0877;132062074500001;?;Polygon
1030392802;Проезд к МВД (район Коптево);4 категория;Утвержден;2132.8;129598738900001;?;Polygon
1030392802;Проезд к МВД (район Коптево);4 категория;Утвержден;2132.8;129598738900001;?;Polygon
1030712239;Проезд к Грузовому автосервису, Ижорская д.6 с.9;4 категория;Утвержден;273.44;132074881100001;?;Polygon
1030965467;Подъезд от Ижорской улицы к д.8 с.2;4 категория;Утвержден;2085.18;132074877700001;?;Polygon
1030969007;Подъезд от Ижорской улицы к д.8Г с.1;4 категория;Утвержден;346.4;132074880500001;?;Polygon
1031019619;Проектируемый проезд №7537;4 категория;Утвержден;2288.12;129598824100001;?;Polygon
1031019619;Проектируемый проезд №7537;4 категория;Утвержден;2288.12;129598824100001;?;Polygon
1032088176;Проектируемый проезд №8095;4 категория;Утвержден;5997;129598825300001;?;Polygon
1032247722;Проезд к Ленинградскому шоссе, вл. 65;4 категория;Утвержден;3958.42;125317303400001;?;Polygon
1032750144;Подъезд от Путейской улицы к автомойке;4 категория;Утвержден;839.88;132074879700001;?;Polygon
1032919520;ул. Сперанского;4 категория;Утвержден;2360.94;110056120000001;?;Polygon
1033299114;Керамический пр. вл.63;4 категория;Утвержден;1215.67;133173018900001;?;Polygon
1058620233;ТПУ Зорге ( «Новопесчанная»);4 категория;Утвержден;2342.6;132074885100001;?;Polygon
1063470058;Территория перед парком «Петра Алексеева»;4 категория;Утвержден;2159.61;106347005800001;?;Polygon
1088989311;Проезд к Ленинградскому шоссе, вл. 77А, стр.1;4 категория;Утвержден;642.83;111703317100001;?;Polygon
1091126751;Проезд к Правобережной улице, вл. 1Б;4 категория;Утвержден;2857.74;125316680200001;?;Polygon
1093232879;Парковка у Управы района Сокол;4 категория;Утвержден;1686.47;128007010700001;?;Polygon
1095516707;Проезд между домами 24, строение 2 и 26, строение 2 по Онежской улице;4 категория;Утвержден;624.26;109809397300001;?;Polygon
1095528747;ул. Маршала Шапошникова, 37А с.4;4 категория;Утвержден;463.89;123536254000001;?;Polygon
1095555469;Ленинградское ш., д.362 А;4 категория;Утвержден;1872.28;109555546900001;?;Polygon
1095570701;Проезд от ул.Бурцевская до пруда;4 категория;Утвержден;417.92;130890815200001;?;Polygon
1095571369;Проезд вдоль дома 10 с. 2 по улице Вучетича;4 категория;Утвержден;1361.48;113189325200001;?;Polygon
1095983999;Проезд от ул. Академика Лисицина до Дмитровского ш. д. 9Бс2;4 категория;Утвержден;495.92;129598826300001;?;Polygon
1095984858;Автостоянка возле дома 38 по Беломорской улице;4 категория;Утвержден;502.9;109598485800001;?;Polygon
1095989763;Автостоянка на ул. Дыбенко напротив магазина Мираторг;4 категория;Утвержден;1201.56;109598976300001;?;Polygon
1096633229;Подъезд от 3-ей Магистральной ул. к автобазе ОЭК 18 с.1;4 категория;Утвержден;2974.85;132074883100001;?;Polygon
1096660389;Проезд от Смольной улицы к гаражам;4 категория;Утвержден;928.41;109666038900001;?;Polygon
1096745514;Проектируемый проезд № 6037;4 категория;Утвержден;7165.08;132074874100001;?;Polygon
1096745514;Проектируемый проезд № 6037;4 категория;Утвержден;7165.08;132074874100001;?;Polygon
1096755430;Автостоянка на ул. Дыбенко напротив ЖК Левобережный;4 категория;Утвержден;889.14;109675543000001;?;Polygon
1097252516;Проезд к Дубнинскому пр. 102;4 категория;Утвержден;4962.99;132074853500001;?;Polygon
1097300315;Парковка вдоль бескудниковского бульвара;4 категория;Утвержден;2619.34;109802841100001;?;Polygon
1097475554;ДТС тер. «ДИКБ № 6 ДЗМ» филиал 2;4 категория;Утвержден;3155.94;130692752700001;?;Polygon
1097558344;Проезд к Дубнинской улице 83А;4 категория;Утвержден;10394.42;132074852900001;?;Polygon
1097558344;Проезд к Дубнинской улице 83А;4 категория;Утвержден;10394.42;132074852900001;?;Polygon
1097581701;Автопарковка и заезды к фабрике Чайка;4 категория;Утвержден;1807.88;109758170100001;?;Polygon
1098037461;улица Александра Гомелевского;4 категория;Утвержден;26686.98;124954802000001;?;Polygon
1098111404;Парковка по ул. Полины Осипенко;4 категория;Утвержден;4308.37;126343491800001;?;Polygon
1098294562;Проезд от Старофилинской ул до строений 6 А;5 категория;Утвержден;4976.34;113900470100001;?;Polygon
1098294562;Проезд от Старофилинской ул до строений 6 А;5 категория;Утвержден;4976.34;113900470100001;?;Polygon
1099409751;Проезд от ул. Летчика Осканова до Дубнинской ул.;4 категория;Утвержден;5297.77;132063504500001;?;Polygon
1099944147;Проезд от Дмитровского шоссе до ТПУ Тимирязевская;4 категория;Утвержден;6526.66;132074891100001;?;Polygon
1100186205;Подъездные пути к ЖК Любовь и голуби;4 категория;Утвержден;4686.62;128007451400001;?;Polygon
1100186205;Подъездные пути к ЖК Любовь и голуби;4 категория;Утвержден;4686.62;128007451400001;?;Polygon
1100220890;ТПУ Дмитровская Жилищник Савеловский;9 категория;Утвержден;2553.89;131275195400001;?;Polygon
1101089063;Проезд между д.7 и д.9 к.1 по ул. Вучетича;4 категория;Утвержден;1301.77;125224913000001;?;Polygon
1122668926;ул. Хачатуряна (САО);1 категория;Утвержден;36291.1;127459161800001;?;Polygon
1167939427;ул. 800-летия Москвы от пересечения с Дубнинской ул. до пересечения с Керамическим проездом;2 категория;Утвержден;8511.95;127411943300001;?;Polygon
1167939427;ул. 800-летия Москвы от пересечения с Дубнинской ул. до пересечения с Керамическим проездом;2 категория;Утвержден;8511.95;127411943300001;?;Polygon
1167941281;Бескудниковский путепровод;1 категория;Утвержден;7778.6;127421716300001;?;Polygon
1167944427;Правосторонний съезд с ул. Талдомская на Путейскую ул.;4 категория;Утвержден;4250;127411996100001;?;Polygon
1207225628;Парковка у «ПАО НПО Алмаз»;4 категория;Утвержден;1823.53;123754985300001;?;Polygon
1250430885;Ленинградское шоссе вл.6;4 категория;Утвержден;562.81;125043088500001;?;Polygon
1260391006;Дорога к комплексу сооружений для очистки поверхностного стока на Новосходненском шоссе;4 категория;Утвержден;249.59;133353544600001;?;Polygon
1277470679;Дубнинская улица, д. 8 «А»;4 категория;Утвержден;459.53;127747067900001;?;Polygon
1297985345;3-я Подрезковская улица, школа;4 категория;Утвержден;1560.16;129798534500001;?;Polygon
1320389092;Территория у станции метро Полежаевская (пп №5488);4 категория;Утвержден;18091.7;132038909200001;?;Polygon
1323200869;Проезд от Хорошевского ш. к ЖК Династия;4 категория;Утвержден;11403.2;132608712400001;?;Polygon
1323990853;Продольная аллея;4 категория;Утвержден;1879.47;132559812200001;?;Polygon
1324082717;Проезд к д. 49, к.1 по Дмитровскому шоссе;4 категория;Утвержден;2189.11;132475986500001;?;Polygon
1324082717;Проезд к д. 49, к.1 по Дмитровскому шоссе;4 категория;Утвержден;2189.11;132475986500001;?;Polygon
1324082717;Проезд к д. 49, к.1 по Дмитровскому шоссе;4 категория;Утвержден;2189.11;132475986500001;?;Polygon
1324244810;Автопарковка (Хорошевское шоссе 43 стр.1);5 категория;Утвержден;3364.24;132641670900001;?;Polygon
1324262183;Автопарковка напротив д. 1 А по улице Линии Октябрьской Железной Дороги;4 категория;Утвержден;5182.03;132559812000001;?;Polygon
1324262183;Автопарковка напротив д. 1 А по улице Линии Октябрьской Железной Дороги;4 категория;Утвержден;5182.03;132559812000001;?;Polygon
1324262183;Автопарковка напротив д. 1 А по улице Линии Октябрьской Железной Дороги;4 категория;Утвержден;5182.03;132559812000001;?;Polygon
1324262183;Автопарковка напротив д. 1 А по улице Линии Октябрьской Железной Дороги;4 категория;Утвержден;5182.03;132559812000001;?;Polygon
1324732280;Автопарковки (Дмитровское ш. 107Д);4 категория;Утвержден;1330.15;132614252200001;?;Polygon
1324732280;Автопарковки (Дмитровское ш. 107Д);4 категория;Утвержден;1330.15;132614252200001;?;Polygon
1324732280;Автопарковки (Дмитровское ш. 107Д);4 категория;Утвержден;1330.15;132614252200001;?;Polygon
1324732294;Автопарковки (Дмитровское ш. 107);4 категория;Утвержден;2045.11;132614252600001;?;Polygon
1324732294;Автопарковки (Дмитровское ш. 107);4 категория;Утвержден;2045.11;132614252600001;?;Polygon
1324743203;Автостоянка на пересечении Дмитровского шоссе и Локомотивного проезда;4 категория;Утвержден;2229.08;132588069600001;?;Polygon
1324772152;Автопарковка (Савеловская эстакада);4 категория;Утвержден;782.45;132559838900001;?;Polygon
1325004066;Проектируемый проезд № 7965;4 категория;Утвержден;1725.82;132555851400001;?;Polygon
1325005215;Подъезд к Охтинский проезд, 6;5 категория;Утвержден;393.66;132500521500001;?;Polygon
1325035243;Подъезд к 2-я улица Новосёлки, 5;5 категория;Утвержден;247.38;132503524300001;?;Polygon
1325069263;Территория по улице Мелькисаровская 2 с2;4 категория;Утвержден;572.79;132506926300001;?;Polygon
1325071078;Объездная дорога у поселка Мелькисарово;5 категория;Утвержден;2700.9;132507107800001;?;Polygon
1325097032;Проезд от Ходынского бульвара к ЖК Лайнер;4 категория;Утвержден;16176.11;132641669300001;?;Polygon
1325097142;Проезд от ул. Авиаконструктора Микояна к ЖК Лайнер;4 категория;Утвержден;10538.58;132641670300001;?;Polygon
1325097190;Автопарковка (ул. Верхняя Масловка, 20с1);4 категория;Утвержден;585.39;132659138900001;?;Polygon
1325125081;Автопарковки по 80 км МКАД;4 категория;Утвержден;6353.5;132614252800001;?;Polygon
1325125081;Автопарковки по 80 км МКАД;4 категория;Утвержден;6353.5;132614252800001;?;Polygon
1325127964;проезд от Лобненской до Ангарской;4 категория;Утвержден;4147.8;132614253000001;?;Polygon
1325129225;Проезд от ул. Приорова до ул. Клары Цеткин;4 категория;Утвержден;1090.65;132614248200001;?;Polygon
1325130165;Подъезд к дому 5А по Старокоптевскому переулку;4 категория;Утвержден;2580.56;132614248600001;?;Polygon
1325309435;Автопарковка вдоль Кочновского пр. 4;4 категория;Утвержден;3182.81;132659138400001;?;Polygon
1325309435;Автопарковка вдоль Кочновского пр. 4;4 категория;Утвержден;3182.81;132659138400001;?;Polygon
1325309435;Автопарковка вдоль Кочновского пр. 4;4 категория;Утвержден;3182.81;132659138400001;?;Polygon
1325309469;Проезд от ул. Юрия Никулина;4 категория;Утвержден;1707.93;132659138700001;?;Polygon
1325311400;Автопарковка напротив д. 13 А по ул. Поленова;4 категория;Утвержден;459.35;132559982400001;?;Polygon
1325315786;Проезд от улицы Зорге к дому 36;4 категория;Утвержден;723.1;132563040400001;?;Polygon
1325339246;Проезды от 3-го Лихачевского переулка до предприятий;4 категория;Утвержден;759.28;132558795100001;?;Polygon
1325339246;Проезды от 3-го Лихачевского переулка до предприятий;4 категория;Утвержден;759.28;132558795100001;?;Polygon
1325339246;Проезды от 3-го Лихачевского переулка до предприятий;4 категория;Утвержден;759.28;132558795100001;?;Polygon
1325339246;Проезды от 3-го Лихачевского переулка до предприятий;4 категория;Утвержден;759.28;132558795100001;?;Polygon
1325339246;Проезды от 3-го Лихачевского переулка до предприятий;4 категория;Утвержден;759.28;132558795100001;?;Polygon
1325339246;Проезды от 3-го Лихачевского переулка до предприятий;4 категория;Утвержден;759.28;132558795100001;?;Polygon
1325839481;Проезд между домами 13 и 15 с.2 по 4-му Лихачевскому переулку;4 категория;Утвержден;1492.58;132917735600001;?;Polygon
1326265095;Проектируемый проезд № 3526А;4 категория;Утвержден;6473.18;132911987800001;?;Polygon
1331614005;Технологическая часть ТПУ на станции метро Верхние Лихоборы;4 категория;Утвержден;15651.55;133161400500001;?;Polygon
1334361572;Проезд вдоль станции метро Лианозово;3 категория;Утвержден;4787.66;133436157200001;?;Polygon
