№ в АО;Название в списке;Метод;Похожесть;Найдено в реестре;ID реестра;Категория;Статус
1;Коровинское шоссе;exact;1.0;Коровинское шоссе;10002290;1 категория;Утвержден
2;ТПУ «Беговая»;fuzzy;0.733;ТПУ Беговая АВД САО;314892354;9 категория;Утвержден
3;Хорошевское шоссе;exact;1.0;Хорошевское шоссе;10002622;1 категория;Утвержден
4;1-я Магистральная улица;exact;1.0;1-я Магистральная улица;10002325;2 категория;Утвержден
5;Бескудниковский бульвар;exact;1.0;Бескудниковский бульвар;10002198;2 категория;Утвержден
6;Кронштадтский бульвар;exact;1.0;Кронштадтский бульвар;10002298;2 категория;Утвержден
7;Михалковская улица;exact;1.0;Михалковская улица;10002347;3 категория;Утвержден
8;Михалковский путепровод;exact;1.0;Михалковский путепровод;10002348;2 категория;Утвержден
9;Онежская улица;exact;1.0;Онежская улица;10002381;2 категория;Утвержден
10;Петровский парк;exact;1.0;Петровский парк;10002406;2 категория;Утвержден
11;Планетная улица;exact;1.0;Планетная улица;10002411;2 категория;Утвержден
12;Пр-д под Краснопресненским п/п;exact;1.0;Пр-д под Краснопресненским п/п;10002448;2 категория;Утвержден
13;Путепровод через Дмитровское шоссе;exact;1.0;Путепровод через Дмитровское шоссе;10002650;2 категория;Утвержден
14;Смольная улица;exact;1.0;Смольная улица;10002587;2 категория;Утвержден
15;Талдомская улица;exact;1.0;Талдомская улица;10002601;2 категория;Утвержден
16;Тимирязевская улица;exact;1.0;Тимирязевская улица;10002605;2 категория;Утвержден
17;улица Авиаконструктора Микояна;exact;1.0;улица Авиаконструктора Микояна;10002169;2 категория;Утвержден
18;улица Авиаконструктора Сухого;exact;1.0;улица Авиаконструктора Сухого;10002667;2 категория;Утвержден
19;Поликарпова улица;exact;1.0;Поликарпова улица;10002438;2 категория;Утвержден
20;улица Софьи Ковалевской;exact;1.0;улица Софьи Ковалевской;10002280;2 категория;Утвержден
21;Фестивальная улица;exact;1.0;Фестивальная улица;10002614;2 категория;Утвержден
22;Флотская улица;exact;1.0;Флотская улица;10002615;3 категория;Утвержден
23;Библиотечный проезд;exact;1.0;Библиотечный проезд;10002201;2 категория;Утвержден
24;Бусиновский проезд (развязка МКАД 79 км);exact;1.0;Бусиновский проезд (развязка МКАД 79 км);10002462;6 категория;Утвержден
25;ТПУ Балтийская АвД САО;exact;1.0;ТПУ Балтийская АвД САО;666849395;9 категория;Утвержден
26;ТПУ Речной вокзал АвД САО;exact;1.0;ТПУ Речной вокзал АвД САО;757159046;9 категория;Утвержден
27;ТПУ Ховрино АВД САО;exact;1.0;ТПУ Ховрино АВД САО;800905601;9 категория;Утвержден
28;Театральная аллея;exact;1.0;Театральная аллея;10002602;3 категория;Утвержден
29;ТПУ «Аэропорт» (район Аэропорт);exact;1.0;ТПУ «Аэропорт» (район Аэропорт);314903749;4 категория;Утвержден
30;улица Серегина;exact;1.0;улица Серегина;10002577;4 категория;Утвержден
31;Ленинградский пр-т, д.76А (тыльная сторона ТЦ Метромаркет);exact;1.0;Ленинградский пр-т, д.76А (тыльная сторона ТЦ Метромаркет);12344925;4 категория;Утвержден
32;Правды ул.;exact;1.0;Правды ул.;10002546;4 категория;Утвержден
33;3-я улица Ямского Поля;exact;1.0;3-я улица Ямского Поля;10002645;4 категория;Утвержден
34;Расковой улица;exact;1.0;Расковой улица;10002568;4 категория;Утвержден
35;1-я улица Ямского поля;exact;1.0;1-я улица Ямского Поля;10002644;4 категория;Утвержден
36;Беговая аллея;exact;1.0;Беговая аллея;10002194;4 категория;Утвержден
37;1-й Боткинский проезд;exact;1.0;1-й Боткинский проезд;10002203;3 категория;Утвержден
38;2-й Боткинский проезд (Бориса Петровского);exact;1.0;2-й Боткинский проезд (Бориса Петровского);10002204;3 категория;Утвержден
39;Нижняя улица;exact;1.0;Нижняя улица;10002374;4 категория;Утвержден
40;5-я улица Ямского Поля;exact;1.0;5-я улица Ямского Поля;10002646;4 категория;Утвержден
41;Бесскудниковский переулок;fuzzy;0.98;Бескудниковский переулок;10002199;4 категория;Утвержден
42;Проезд от Бескудниковского бульвара до Дубнинской улицы у школы №183;exact;1.0;Проезд от Бескудниковского бульвара до Дубнинской улицы у школы №183;10002485;4 категория;Утвержден
43;Проезд от Бескудниковского б-ра у торгового центра до Дубнинской ул.;fuzzy;0.726;Проезд от Бескудниковского бульвара до проезда у торгового центра;10002487;4 категория;Утвержден
44;ТПУ Балтийская Жилищник Войковский;exact;1.0;ТПУ Балтийская Жилищник Войковский;12345393;9 категория;Утвержден
45;Старопетровский проезд;exact;1.0;Старопетровский проезд;10002592;4 категория;Утвержден
46;Улица Космонавта Волкова;exact;1.0;Улица Космонавта Волкова;10002227;3 категория;Утвержден
47;1-й Войковский проезд;exact;1.0;1-й Войковский проезд;10002221;4 категория;Утвержден
48;5-й Войковский проезд;exact;1.0;5-й Войковский проезд;10002225;4 категория;Утвержден
49;Дубнинская улица;exact;1.0;Дубнинская улица;10002256;3 категория;Утвержден
50;Керамический проезд;exact;1.0;Керамический проезд;753906080;4 категория;Утвержден
51;Улица Зарянова;exact;1.0;Улица Зарянова;10002554;4 категория;Утвержден
52;Дегунинский проезд;exact;1.0;Дегунинский проезд;10002242;4 категория;Утвержден
53;Площадка у платформы «Бескудниково» и пешеходная дорожка к Керамическому проезду;no_match;0.0;;;;
54;Транспортно-пересадочный узел (ТПУ) у станции метро «Водный стадион» (Площадь у станции метро «Водный стадион»);exact;1.0;Транспортно-пересадочный узел (ТПУ) у станции метро «Водный стадион» (Площадь у станции метро «Водный стадион»);10002414;3 категория;Утвержден
55;ТПУ «Моссельмаш» (Головинский район);exact;1.0;ТПУ «Моссельмаш» (Головинский район);314890525;4 категория;Утвержден
56;Проезд от Коровинского шоссе и разворотный круг у ТЭЦ-21;exact;1.0;Проезд от Коровинского шоссе и разворотный круг у ТЭЦ-21;10002501;4 категория;Утвержден
57;Автобусный круг у пл. «Ховрино»;exact;1.0;Автобусный круг у пл. «Ховрино»;10002300;3 категория;Утвержден
58;ТПУ «МОССЕЛЬМАШ» района Западное Дегунино;exact;1.0;ТПУ «МОССЕЛЬМАШ» района Западное Дегунино;10002299;4 категория;Утвержден
59;Верхнелихоборская улица;exact;1.0;Верхнелихоборская улица;10002210;3 категория;Утвержден
60;Дегунинская улица;exact;1.0;Дегунинская улица;10002241;4 категория;Утвержден
61;Базовская улица;exact;1.0;Базовская улица;10002185;3 категория;Утвержден
62;улица Ивана Сусанина;exact;1.0;улица Ивана Сусанина;754384317;4 категория;Утвержден
63;Коптевская улица;exact;1.0;Коптевская улица;10002285;4 категория;Утвержден
64;Коптевский бульвар;exact;1.0;Коптевский бульвар;10002288;4 категория;Утвержден
65;Приорова ул.;exact;1.0;Приорова ул.;10002550;4 категория;Утвержден
66;8-й Новоподмосковный переулок;exact;1.0;8-й Новоподмосковный переулок;10002367;4 категория;Утвержден
67;бульвар Матроса Железняка;exact;1.0;Бульвар Матроса Железняка;10002342;4 категория;Утвержден
68;ТПУ Речной вокзал Жилищник Левобережный;no_match;0.0;;;;
69;Территория у ст.м. «Беломорская»;exact;1.0;Территория у ст.м. «Беломорская»;751086786;4 категория;Утвержден
73;Старый Петровско-Разумовский проезд;exact;1.0;Старый Петровско-Разумовский проезд;10002386;3 категория;Утвержден
74;2-я Хуторская улица;exact;1.0;2-я Хуторская улица;10002624;4 категория;Утвержден
75;Вятская улица;exact;1.0;Вятская улица;10002232;4 категория;Утвержден
76;2-я Квесисская улица;exact;1.0;2-я Квесисская улица;10002275;4 категория;Утвержден
77;2-я Песчаная улица;exact;1.0;2-я Песчаная улица;10002397;3 категория;Утвержден
78;Новопесчаная улица;exact;1.0;Новопесчаная улица;10002359;3 категория;Утвержден
79;Проезд от Ленинградского шоссе к университету Синергия (Ленинградский просп., 80Г);exact;1.0;Проезд от Ленинградского шоссе к университету Синергия (Ленинградский просп., 80Г);10002459;4 категория;Утвержден
80;Разворотный круг троллейбусов у метро «Сокол»;exact;1.0;Разворотный круг троллейбусов у метро «Сокол»;754431382;4 категория;Утвержден
81;Улица Константина Царева;exact;1.0;Улица Константина Царева;10002629;4 категория;Утвержден
82;Песчаная улица;exact;1.0;Песчаная улица;10002395;4 категория;Утвержден
83;улица Сальвадора Альенде;exact;1.0;улица Сальвадора Альенде;10002399;4 категория;Утвержден
84;Чапаевский переулок;exact;1.0;Чапаевский переулок;10002633;4 категория;Утвержден
85;Территория перед ст.метро «Петровско-Разумовская»;exact;1.0;Территория перед ст.метро «Петровско-Разумовская»;10002604;4 категория;Утвержден
86;Подъезд к префектуре (Тимирязевская ул., д. 27);exact;1.0;Подъезд к префектуре (Тимирязевская ул., д. 27);10002434;4 категория;Утвержден
87;ТПУ Окружная;exact;1.0;ТПУ Окружная;1017816137;4 категория;Утвержден
88;Проезд от улицы Лавочкина к дому 23А;exact;1.0;Проезд от улицы Лавочкина к дому 23А;749196409;4 категория;Утвержден
89;Клинская улица;exact;1.0;Клинская улица;10002278;3 категория;Утвержден
90;улица Ляпидевского;exact;1.0;улица Ляпидевского;10002324;4 категория;Утвержден
91;ТПУ ЦСКА;no_match;0.0;;;;
92;ТПУ «Аэропорт» (Хорошевский район);exact;1.0;ТПУ «Аэропорт» (Хорошевский район);314902859;3 категория;Утвержден
93;Территория у станции метро Хорошевская;exact;1.0;Территория у станции метро Хорошевская;811643235;4 категория;Утвержден
94;ТПУ «Хорошево» (парковка);fuzzy;0.727;ТПУ «Хорошево»;701406660;4 категория;Утвержден
95;Веры Волошиной улица;exact;1.0;Веры Волошиной улица;10002540;3 категория;Утвержден
96;2-й Хорошевский проезд;exact;1.0;2-й Хорошевский проезд;10002619;4 категория;Утвержден
97;Проектируемый проезд №6368;exact;1.0;Проектируемый проезд №6368;10002664;4 категория;Утвержден
98;4-й Ходынский проезд;exact;1.0;4-й Ходынский проезд;10002556;4 категория;Утвержден
99;Магистральный переулок;exact;1.0;Магистральный переулок;10002329;4 категория;Утвержден
100;1-й Магистральный тупик;exact;1.0;1-й Магистральный тупик;10002332;4 категория;Утвержден
