number;ao;institution;odh_name;odh_id;address_hint;container_count;placement_type;geometry_status
1;САО;"ГБУ ""Автомобильные дороги САО""";Михалковский путепровод;10002348;Михалковский путепровод  (Спуски, подъемы);3;особо опасные участки;odh_geometry_proxy
2;САО;"ГБУ ""Автомобильные дороги САО""";Фестивальная улица;10002614;Ул. Фестивальная д.2 (Уклон,подъем);1;особо опасные участки;odh_geometry_proxy
3;САО;"ГБУ ""Автомобильные дороги САО""";1 -я Магистральная ул.;10002243;Крутой подъем на границе с Звенигородским путепроводом;1;особо опасные участки;odh_geometry_proxy
4;САО;"ГБУ ""Автомобильные дороги САО""";Коптевский путепровод;668171191;Ул.К.Цеткин, Нарвская ул.2 (Крутые спуски,подъемы);2;особо опасные участки;odh_geometry_proxy
5;САО;"ГБУ ""Автомобильные дороги САО""";Улица Долгопрудная;3476410;Ул.Долгопрудная -пересеч с -Карельский б-р (Спуски, подъемы движение пассаж.транспорта);1;особо опасные участки;no_odh_geometry_match
6;САО;"ГБУ ""Автомобильные дороги САО""";Коровинское шоссе;10002290;Коровинское шоссе от ул.Базовская до плодоовощной базы (Спуски, подъемы, движение пассаж .транс порта, образование наледи (изморось отТЭЦ-21));1;особо опасные участки;odh_geometry_proxy
7;САО;"ГБУ ""Автомобильные дороги САО""";Путепровод через Дмитровское шоссе;10002650;Путепровод через Дмитровское шоссе (Крутые спуски,подъемы);2;особо опасные участки;odh_geometry_proxy
8;САО;"ГБУ ""Автомобильные дороги САО""";Фестивальная улица;10002614;Фестивальная улица, д.48. д 52 (крутые спуски, подъемы перед эстакадой);2;особо опасные участки;odh_geometry_proxy
9;САО;"ГБУ ""Автомобильные дороги САО""";Хорошевское шоссе;10002622;"Хорошевское шоссе, д.43  МЦК ""Хорошево""";2;особо опасные участки;odh_geometry_proxy
10;САО;"ГБУ ""Автомобильные дороги САО""";Вагоноремонтная улица;10002211;Вагоноремонтная ул. д 4-10 (спуски,подъемы);2;особо опасные участки;odh_geometry_proxy
11;САО;"ГБУ ""Автомобильные дороги САО""";Лобненская улица;10002320;Лобненская ул. д.4-10 с.6 (спуски, подъемы);1;особо опасные участки;odh_geometry_proxy
12;САО;"ГБУ ""Автомобильные дороги САО""";Ангарская улица;10002178;Ангарская ул. 2;1;особо опасные участки;odh_geometry_proxy
13;САО;"ГБУ ""Автомобильные дороги САО""";Бескудниковский бульвар;10002198;"Бескудникоский бульвар перед 
Дмитровским шоссе д.66";1;особо опасные участки;odh_geometry_proxy
14;САО;"ГБУ ""Автомобильные дороги САО""";П-Разумовская аллея;4136841;П-Разумовская аллея д.2-10 (На пересечении уклон);1;особо опасные участки;no_odh_geometry_match
15;САО;"ГБУ ""Автомобильные дороги САО""";Театральная аллея;10002602;Театральная аллея (Спуски, подъемы);1;особо опасные участки;odh_geometry_proxy
16;САО;"ГБУ ""Автомобильные дороги САО""";Петрозаводская ул.;2890359;Петрозаводская ул. 9д;1;особо опасные участки;no_odh_geometry_match
17;САО;"ГБУ ""Автомобильные дороги САО""";Дмитровское шоссе;4119461;Тимирязевская развязка (путепровод Руставели);1;особо опасные участки;no_odh_geometry_match
18;САО;"ГБУ ""Автомобильные дороги САО""";ул. Хачатуряна;3476410;;4;особо опасные участки;no_odh_geometry_match
19;САО;"ГБУ ""Автомобильные дороги САО""";ул. Линии Октябрьской Железной Дороги;3476410;Подъем на ул. Линии Окябрьской Железной Дороги с Валаамской улицы;1;особо опасные участки;no_odh_geometry_match
20;САО;"ГБУ ""Автомобильные дороги САО""";ул. Красноармейская;3476410;д. 32;1;особо опасные участки;no_odh_geometry_match
21;САО;"ГБУ ""Автомобильные дороги САО""";ул. Усиевича;3476410;д. 16;1;особо опасные участки;no_odh_geometry_match
22;САО;"ГБУ ""Автомобильные дороги САО""";Ул.Ак. Ильюшина, у л. Красноармейская;3476410;Ул.Ак. Ильюшина 1-2, ул.Красноармейская 19-31 (На пересечении уклон);1;особо опасные участки;no_odh_geometry_match
23;САО;"ГБУ ""Автомобильные дороги САО""";Ул.С.Варгуна, ул.Усиевича;3476410;Ул.С.Варгуна I, ул.Усиевича 23 (На пересечении уклон);1;особо опасные участки;no_odh_geometry_match
24;САО;"ГБУ ""Автомобильные дороги САО""";Дубнинская улица;10002256;"Дубнинская улица, д.85 напротив платформы
 ""Лианозово""";1;особо опасные участки;odh_geometry_proxy
25;САО;"ГБУ ""Автомобильные дороги САО""";Площ. у м.Водный Стадион;4136841;Кронштадский б-р 9 (Уклон, подъем);1;особо опасные участки;no_odh_geometry_match
26;САО;"ГБУ ""Автомобильные дороги САО""";улица Учинская;3476410;тротуар ( у школы ул. Софьи Ковалевской д. 18 А);1;особо опасные участки;no_odh_geometry_match
27;САО;"ГБУ ""Автомобильные дороги САО""";Проезд вдоль Дмитровского ш от Лобненской ул до Яхромской ул;4136841;тротуар Дмитровское ш. д. 131 кор. 2;1;особо опасные участки;no_odh_geometry_match
28;САО;"ГБУ ""Автомобильные дороги САО""";проектируемый проезд 6175;4136841;тротуар ( напротив Клязьминская ул. д. 8 к.2);1;особо опасные участки;no_odh_geometry_match
29;САО;"ГБУ ""Автомобильные дороги САО""";проектируемый проезд 6176;4136841;тротуар ( напртив Ангарская ул. д. 43);1;особо опасные участки;no_odh_geometry_match
30;САО;"ГБУ ""Автомобильные дороги САО""";ул. М. Федоренко;3476410;Универсам;1;особо опасные участки;no_odh_geometry_match
31;САО;"ГБУ ""Автомобильные дороги САО""";Бусиновская горка д. 1;10002175;Бусиновская горка д. 1 -ж/д переезд (Спуски, подъемы, движение пассаж .транс порта, образование наледи (изморось отТЭЦ-21));1;особо опасные участки;odh_geometry_proxy
32;САО;"ГБУ ""Автомобильные дороги САО""";ТПУ Моссельмаш;3476410;Платф. Моссельмаш (пос.);1;особо опасные участки;no_odh_geometry_match
33;САО;"ГБУ ""Жилищник района Западное Дегунино""";ул. Весенняя;3476410;Весенняя ул.;1;особо опасные участки;no_odh_geometry_match
34;САО;"ГБУ ""Автомобильные дороги САО""";ул. М. Федоренко;3476410;Универсам;1;особо опасные участки;no_odh_geometry_match
35;САО;"ГБУ ""Автомобильные дороги САО""";ул. Талдомская;3476410;Школа им. Л.М. Доватора;1;особо опасные участки;no_odh_geometry_match
36;САО;"ГБУ ""Автомобильные дороги САО""";Автобусный круг у платформы Ховрино;753913983;Ст. Ховрино (выс.);1;особо опасные участки;odh_geometry_proxy
37;САО;"ГБУ ""Автомобильные дороги САО""";Съезд моста Бусиново у поста ДПС;3476410;Зона съезда с моста в Бусиново у поста ДПС (Крутые спуски,подъемы);1;особо опасные участки;no_odh_geometry_match
38;САО;"ГБУ ""Автомобильные дороги САО""";Новомихалковский 4-й проезд;10002357;Пересечение 4 -й новомихалковского проезда и проезда Черепановых(спуск);1;особо опасные участки;odh_geometry_proxy
39;САО;"ГБУ ""Автомобильные дороги САО""";Проезд от улицы Правобережная до МКАД;656513337;ул.Правобережная 4-6 (Уклон,подъем);1;особо опасные участки;odh_geometry_proxy
40;САО;"ГБУ ""Автомобильные дороги САО""";ТПУ Речной вокзал Жилищник Левобережный;757159046;Фестивальная ул. 2Б;1;особо опасные участки;odh_geometry_proxy
41;САО;"ГБУ ""Автомобильные дороги САО""";Чапаевский пр.;4120413;Чапаевский пр. (Крутые спуски,подъемы);1;особо опасные участки;no_odh_geometry_match
42;САО;"ГБУ ""Автомобильные дороги САО""";ул. Линии Октябрьской Железной Дороги;3476410;Подъем на ул. Линии Окябрьской Железной Дороги с Валаамской улицы;1;особо опасные участки;no_odh_geometry_match
43;САО;"ГБУ ""Автомобильные дороги САО""";Клинская ул.;2275130;Клинская 18к1;1;особо опасные участки;no_odh_geometry_match
44;САО;"ГБУ ""Автомобильные дороги САО""";Клинская ул.;2275130;Клинская 4к1;1;особо опасные участки;no_odh_geometry_match
45;САО;"ГБУ ""Автомобильные дороги САО""";Ляпидевского ул.;2890359;Ляпидевского ул. д. 22;1;особо опасные участки;no_odh_geometry_match
46;САО;"ГБУ ""Автомобильные дороги САО""";Красноармейская улица;10002294;у л. Красноармейская  д. 13;1;особо значимые участки;odh_geometry_proxy
47;САО;"ГБУ ""Автомобильные дороги САО""";Планетная улица;10002411;Планетная улица, 3;1;особо значимые участки;odh_geometry_proxy
48;САО;"ГБУ ""Автомобильные дороги САО""";Планетная улица;10002411;Планетная улица, 36;1;особо значимые участки;odh_geometry_proxy
49;САО;"ГБУ ""Автомобильные дороги САО""";"Площадка и лестницы у станции метро ""Динамо""";4136841;ТПУ Динамо;1;особо значимые участки;no_odh_geometry_match
50;САО;"ГБУ ""Автомобильные дороги САО""";Бескудниковский бульвар;10002198;Бескудниковский б-р, д.59;1;особо значимые участки;odh_geometry_proxy
51;САО;"ГБУ ""Автомобильные дороги САО""";улица 800-летия Москвы;10002353;Ул. 800-летия Москвы, 8;1;особо значимые участки;odh_geometry_proxy
52;САО;"ГБУ ""Автомобильные дороги САО""";"ТПУ ""Войковская """;3476410;Ул. Зои и Александра Космодемьянских, 4;1;особо значимые участки;no_odh_geometry_match
53;САО;"ГБУ ""Автомобильные дороги САО""";Кронштадсткий бульвар;2275130;Кронштадсткий б-р, д.33;1;особо значимые участки;no_odh_geometry_match
54;САО;"ГБУ ""Автомобильные дороги САО""";Ангарская улица;10002178;ул. Ангарская, д. 18;1;особо значимые участки;odh_geometry_proxy
55;САО;"ГБУ ""Автомобильные дороги САО""";Фестивальная улица;10002533;ул. Фестивальная;1;особо значимые участки;odh_geometry_proxy
56;САО;"ГБУ ""Автомобильные дороги САО""";Флотская улица;10002594;ул. Флотская, д.27;1;особо значимые участки;odh_geometry_proxy
57;САО;"ГБУ ""Автомобильные дороги САО""";Смольная улица;10002587;Смольная ул.75;1;особо значимые участки;odh_geometry_proxy
58;САО;"ГБУ ""Автомобильные дороги САО""";Флотская улица;10002615;Флотская ул., 36;1;особо значимые участки;odh_geometry_proxy
59;САО;"ГБУ ""Автомобильные дороги САО""";Коровинское шоссе;10002290;Коровинское ш., д. 14;1;особо значимые участки;odh_geometry_proxy
60;САО;"ГБУ ""Автомобильные дороги САО""";Коровинское шоссе;10002290;Коровинское ш., д. 20;1;особо значимые участки;odh_geometry_proxy
61;САО;"ГБУ ""Автомобильные дороги САО""";Коровинское шоссе;10002290;Коровинское ш., д. 22;1;особо значимые участки;odh_geometry_proxy
62;САО;"ГБУ ""Автомобильные дороги САО""";Ангарская улица;10002178;ул. Ангарская, д.24;1;особо значимые участки;odh_geometry_proxy
63;САО;"ГБУ ""Автомобильные дороги САО""";Улица Софьи Ковалевской;10002280;ул. С.Ковалевской, д.18;1;особо значимые участки;odh_geometry_proxy
64;САО;"ГБУ ""Автомобильные дороги САО""";Ижорская улица;308818896;Ижорская ул., 6;1;особо значимые участки;odh_geometry_proxy
65;САО;"ГБУ ""Автомобильные дороги САО""";Ангарская улица;10002178;ул. Ангарская, д. 20А;1;особо значимые участки;odh_geometry_proxy
66;САО;"ГБУ ""Автомобильные дороги САО""";Улица Зои и Александра Космодемьянских;123454100;Ул. Зои и Александра Космодемьянских, 35;1;особо значимые участки;odh_geometry_proxy
67;САО;"ГБУ ""Автомобильные дороги САО""";Смольная улица;10002587;Смольная ул., 61;1;особо значимые участки;odh_geometry_proxy
68;САО;"ГБУ ""Автомобильные дороги САО""";Смольная улица;10002587;Смольная ул.25;1;особо значимые участки;odh_geometry_proxy
69;САО;"ГБУ ""Автомобильные дороги САО""";Фестивальная улица;10002614;Фестивальная ул. 7;1;особо значимые участки;odh_geometry_proxy
70;САО;"ГБУ ""Автомобильные дороги САО""";Фестивальная улица;10002614;Фестивальная улица, дом 17, корпус 1А;1;особо значимые участки;odh_geometry_proxy
71;САО;"ГБУ ""Автомобильные дороги САО""";"ТПУ ""Речной вокзал АВД САО""";3476410;Фестивальная улица, дом 2Б;1;особо значимые участки;no_odh_geometry_match
72;САО;"ГБУ ""Автомобильные дороги САО""";Тимирязевская улица;10002605;Тимирязевская ул., 30;1;особо значимые участки;odh_geometry_proxy
73;САО;"ГБУ ""Автомобильные дороги САО""";Тимирязевская улица;10002605;Тимирязевская улица, 58;1;особо значимые участки;odh_geometry_proxy
74;САО;"ГБУ ""Автомобильные дороги САО""";Тимирязевская улица;10002605;Тимирязевская, 2;1;особо значимые участки;odh_geometry_proxy
75;САО;"ГБУ ""Автомобильные дороги САО""";Тимирязевская улица;10002605;ул.Тимирязевская, д.8, к.1;1;особо значимые участки;odh_geometry_proxy
76;САО;"ГБУ ""Автомобильные дороги САО""";Флотская улица;10002615;ул. Флотская, д.9;1;особо значимые участки;odh_geometry_proxy
77;САО;"ГБУ ""Автомобильные дороги САО""";Фестивальная улица;10002614;Фестивальная ул., 14;1;особо значимые участки;odh_geometry_proxy
78;САО;"ГБУ ""Автомобильные дороги САО""";Фестивальная улица;10002614;Фестивальная ул., 65;1;особо значимые участки;odh_geometry_proxy
79;САО;"ГБУ ""Автомобильные дороги САО""";Хорошевское шоссе;10002622;ТПУ Полежаевская;2;особо значимые участки;odh_geometry_proxy
80;САО;"ГБУ ""Автомобильные дороги САО""";Улица Куусинена;10002301;ул. Куусинеа, д.6;1;особо значимые участки;odh_geometry_proxy
81;САО;"ГБУ ""Автомобильные дороги САО""";Улица Куусинена;10002301;Ул. Куусинена, 13;1;особо значимые участки;odh_geometry_proxy
82;САО;"ГБУ ""Автомобильные дороги САО""";Улица Куусинена;10002301;Ул. Куусинена, 9;1;особо значимые участки;odh_geometry_proxy
83;САО;"ГБУ ""Автомобильные дороги САО""";Улица Куусинена;10002301;ул. Куусинена, д. 19, к.2;1;особо значимые участки;odh_geometry_proxy
84;САО;"ГБУ ""Автомобильные дороги САО""";Улица Куусинена;10002301;Ул. Куусинена, д.2;1;особо значимые участки;odh_geometry_proxy
85;САО;"ГБУ ""Автомобильные дороги САО""";"ТПУ ""Беговая""";3476410;Хорошевское шоссе, 14;2;особо значимые участки;no_odh_geometry_match
86;САО;"ГБУ ""Автомобильные дороги САО""";Улица Усиевича;10002609;ул. Усиевича, д.16;1;особо значимые участки;odh_geometry_proxy
87;САО;"ГБУ ""Автомобильные дороги САО""";Улица Вучетича;308821441;Улица Вучетича д.19;1;особо значимые участки;odh_geometry_proxy
88;САО;"ГБУ ""Автомобильные дороги САО""";Красностуденческий проезд;10002297;Красностуденческий проезд д.7;1;особо значимые участки;odh_geometry_proxy
89;САО;"ГБУ ""Автомобильные дороги САО""";Костякова улица;2275130;Костякова улица д.2;1;особо значимые участки;no_odh_geometry_match
90;САО;"ГБУ ""Автомобильные дороги САО""";"ТПУ ""Речной вокзал"" Фестивальная улица";3476410;Фестивальная улица, д.8;1;особо значимые участки;no_odh_geometry_match
91;САО;"ГБУ ""Автомобильные дороги САО""";Прибрежный проезд;10002548;Прибрежный проезд, д.7 (остановка Интернат)_;1;особо значимые участки;odh_geometry_proxy
92;САО;"ГБУ ""Автомобильные дороги САО""";Петровско-Разумовская аллея;10002385;Петровско-Разумовская аллея;1;особо значимые участки;odh_geometry_proxy
93;САО;"ГБУ ""Автомобильные дороги САО""";Петровско-Разумовская аллея;10002385;Петровско-Разумовская аллея,8;1;особо значимые участки;odh_geometry_proxy
94;САО;"ГБУ ""Автомобильные дороги САО""";Театральная аллея;10002602;Театральная аллея;1;особо значимые участки;odh_geometry_proxy
95;САО;"ГБУ ""Автомобильные дороги САО""";Фестивальная улица;10002614;ул. Фестивальная;1;особо значимые участки;odh_geometry_proxy
96;САО;"ГБУ ""Автомобильные дороги САО""";Флотская улица;3476410;ул. Флотская, д.27;1;особо значимые участки;no_odh_geometry_match
97;САО;"ГБУ ""Автомобильные дороги САО""";Флотская улица;3476410;ул. Флотская, д.60;1;особо значимые участки;no_odh_geometry_match
98;САО;"ГБУ ""Автомобильные дороги САО""";Красностуденческий проезд;2275130;Красностуденческий пр.;1;особо значимые участки;no_odh_geometry_match
99;САО;"ГБУ ""Автомобильные дороги САО""";Локомотивный проезд;10002321;ТПУ платформа Окружная;1;особо значимые участки;odh_geometry_proxy
100;САО;"ГБУ ""Автомобильные дороги САО""";ул. Вучетича;3476410;50-я гор. б-ца;1;особо значимые участки;no_odh_geometry_match
101;САО;"ГБУ ""Автомобильные дороги САО""";ул. Линии Октябрьской Железной Дороги;3476410;Автокомбинат № 3;1;особо значимые участки;no_odh_geometry_match
102;САО;"ГБУ ""Автомобильные дороги САО""";ул. Линии Октябрьской Железной Дороги;3476410;ЛОЖД, 2, стр2;1;особо значимые участки;no_odh_geometry_match
103;САО;"ГБУ ""Автомобильные дороги САО""";ул. Линии Октябрьской Железной Дороги;3476410;Платф. Петровско-Разумовское (пос.);1;особо значимые участки;no_odh_geometry_match
104;САО;"ГБУ ""Автомобильные дороги САО""";ул. Прянишникова;3476410;Прянишникова улица;1;особо значимые участки;no_odh_geometry_match
105;САО;"ГБУ ""Автомобильные дороги САО""";ул. Прянишникова;3476410;Университет Печати;1;особо значимые участки;no_odh_geometry_match
106;САО;"ГБУ ""Автомобильные дороги САО""";ул.Вучетича;3476410;Ул. Вучетича;1;особо значимые участки;no_odh_geometry_match
107;САО;"ГБУ ""Автомобильные дороги САО""";ул.Костякова;3476410;Ул. Костякова - Платф. Дмитровская;1;особо значимые участки;no_odh_geometry_match
108;САО;"ГБУ ""Автомобильные дороги САО""";Петровско-Разумовская аллея;10002385;Петровско-Разумовская аллея,8;1;особо значимые участки;odh_geometry_proxy
109;САО;"ГБУ ""Автомобильные дороги САО""";Петровско-Разумовская аллея;10002385;Планетная ул.;1;особо значимые участки;odh_geometry_proxy
110;САО;"ГБУ ""Автомобильные дороги САО""";Петровско-Разумовская аллея;10002385;П-Разумовская аллея;1;особо значимые участки;odh_geometry_proxy
111;САО;"ГБУ ""Автомобильные дороги САО""";Авиационный переулок;10002170;Авиационный переулок, 4;1;особо значимые участки;odh_geometry_proxy
112;САО;"ГБУ ""Автомобильные дороги САО""";Кочновский проезд;10002292;Планетная улица, 36;1;особо значимые участки;odh_geometry_proxy
113;САО;"ГБУ ""Жилищник района Аэропорт""";"Ленинградский пр-т, д.76А (тыльная сторона ТЦ Метромаркет""";2890359;Ленинградский пр-т, д.76;1;особо значимые участки;no_odh_geometry_match
114;САО;"ГБУ ""Автомобильные дороги САО""";Планетная улица;10002411;Планетная улица, 3;1;особо значимые участки;odh_geometry_proxy
115;САО;"ГБУ ""Автомобильные дороги САО""";Старый Зыковский проезд;10002266;Красноармейская, д.18;1;особо значимые участки;odh_geometry_proxy
116;САО;"ГБУ ""Автомобильные дороги САО""";"ТПУ ""Аэропорт"" (район Аэропорт)";3476410;Ленинградский пр-т., д. 62, стр.1;1;особо значимые участки;no_odh_geometry_match
117;САО;"ГБУ ""Автомобильные дороги САО""";улица Академика Ильюшина;10002272;Ул.Ак. Ильюшина,;1;особо значимые участки;odh_geometry_proxy
118;САО;"ГБУ ""Автомобильные дороги САО""";улица Усиевича;10002609;Балтийский 2-й переулок, 3-А, строение 1;1;особо значимые участки;odh_geometry_proxy
119;САО;"ГБУ ""Автомобильные дороги САО""";улица Усиевича;10002609;Ленинградский рынок - К/т Баку;1;особо значимые участки;odh_geometry_proxy
120;САО;"ГБУ ""Автомобильные дороги САО""";улица Усиевича;10002609;Ул. Усиевича;1;особо значимые участки;odh_geometry_proxy
121;САО;"ГБУ ""Автомобильные дороги САО""";улица Усиевича;10002609;Усиевича, 22 к1;1;особо значимые участки;odh_geometry_proxy
122;САО;"ГБУ ""Автомобильные дороги САО""";Часовая улица;10002634;Университет Путей сообщения;1;особо значимые участки;odh_geometry_proxy
123;САО;"ГБУ ""Автомобильные дороги САО""";Часовая улица;10002634;Часовая улица, 22/2;1;особо значимые участки;odh_geometry_proxy
124;САО;"ГБУ ""Автомобильные дороги САО""";1-й Боткинский проезд;10002203;1-й Боткинский пр.;1;особо значимые участки;odh_geometry_proxy
125;САО;"ГБУ ""Автомобильные дороги САО""";1-я улица Ямского поля;10002644;1-я ул. Ямского Поля;1;особо значимые участки;odh_geometry_proxy
126;САО;"ГБУ ""Автомобильные дороги САО""";2-й Боткинский проезд;431801412;2-й Боткинский пр. (институт Герцена);1;особо значимые участки;no_odh_geometry_match
127;САО;"ГБУ ""Автомобильные дороги САО""";2-й Боткинский проезд;753911979;2-й Боткинский пр-д, д. 7 к 2;1;особо значимые участки;odh_geometry_proxy
128;САО;"ГБУ ""Автомобильные дороги САО""";2-й Боткинский проезд/Поликарпова улица;11913839;Б-ца им. Боткина у Храма;1;особо значимые участки;no_odh_geometry_match
129;САО;"ГБУ ""Автомобильные дороги САО""";1-я ул. Ямского Поля;308821441;1-я ул. Ямского Поля/3-я ул. Ямского Поля;1;особо значимые участки;odh_geometry_proxy
130;САО;"ГБУ ""Автомобильные дороги САО""";5-я ул. Ямского Поля;753913983;5-я ул. Ямского Поля 26/29;1;особо значимые участки;odh_geometry_proxy
131;САО;"ГБУ ""Автомобильные дороги САО""";5-я ул. Ямского Поля/ул. Нижняя Масловка  Правды;753913983;Издательство Пресса;1;особо значимые участки;odh_geometry_proxy
132;САО;"ГБУ ""Автомобильные дороги САО""";1-й Боткинский проезд;10002203;1-й Боткинский проезд д.31а;1;особо значимые участки;odh_geometry_proxy
133;САО;"ГБУ ""Жилищник района Беговой""";Площадь перед ипподромом;10002444;Беговая 22 сквер у ЦМИ;1;особо значимые участки;odh_geometry_proxy
134;САО;"ГБУ ""Автомобильные дороги САО""";Правды улица;4136841;ул. Правды, д. 24;1;особо значимые участки;no_odh_geometry_match
135;САО;"ГБУ ""Автомобильные дороги САО""";Расковой улица;10002568;М-н Свет;1;особо значимые участки;odh_geometry_proxy
136;САО;"ГБУ ""Автомобильные дороги САО""";Территория больницы имени С.П. Боткина;3476410;2-й Боткинский пр. д. 5;2;особо значимые участки;no_odh_geometry_match
137;САО;"ГБУ ""Автомобильные дороги САО""";Расковой улица;10002568;Расковой улица, д. 24 А;1;особо значимые участки;odh_geometry_proxy
138;САО;"ГБУ ""Автомобильные дороги САО""";2-й Боткинский проезд;10002486;2-й Боткинский проезд, д. 1/8;1;особо значимые участки;odh_geometry_proxy
139;САО;"ГБУ ""Автомобильные дороги САО""";ул.Расковой;3476410;Расковой ул., д. 33;1;особо значимые участки;no_odh_geometry_match
140;САО;"ГБУ ""Жилищник района Бескудниковский""";Дмитровское шоссе, д. 80;4119461;Дмитровское шоссе, д. 80;1;особо значимые участки;no_odh_geometry_match
141;САО;"ГБУ ""Автомобильные дороги САО""";Бескудниковский пер.;10002175;Бескудниковский пер. (к/ст, выс.);1;особо значимые участки;odh_geometry_proxy
142;САО;"ГБУ ""Автомобильные дороги САО""";Бескудниковский пер.;10002175;Бескудниковский пер., 5А;1;особо значимые участки;odh_geometry_proxy
143;САО;"ГБУ ""Автомобильные дороги САО""";Коровинский проезд;10002289;Бескудниковский б-р, д.59;1;особо значимые участки;odh_geometry_proxy
144;САО;"ГБУ ""Автомобильные дороги САО""";Площадь Туманяна;4136841;Дмитровское ш.,вл.80;1;особо значимые участки;no_odh_geometry_match
145;САО;"ГБУ ""Автомобильные дороги САО""";Проезд от Бескудниковского бульвара до Дубнинской улицы у торгового центра;4136841;АТС;1;особо значимые участки;no_odh_geometry_match
146;САО;"ГБУ ""Автомобильные дороги САО""";Проезд от Бескудниковского бульвара до Дубнинской улицы у школы №183;10002485;Проезд от Бескудниковского бульвара до Дубнинской улицы у школы №183;1;особо значимые участки;odh_geometry_proxy
147;САО;"ГБУ ""Автомобильные дороги САО""";Проезд от Дмитровского шоссе до Бескудниковского бульвара (мимо шк.849);4136841;Проезд от Дмитровского шоссе до Бескудниковского бульвара (мимо шк.849);1;особо значимые участки;no_odh_geometry_match
148;САО;"ГБУ ""Автомобильные дороги САО""";Проезд от Дубнинской улицы до института ВИСТИ;10002454;Проезд от Дубнинской улицы до института ВИСТИ;1;особо значимые участки;odh_geometry_proxy
149;САО;"ГБУ ""Автомобильные дороги САО""";Рогачевский переулок;4136841;Рогачевский пер., д.5;1;особо значимые участки;no_odh_geometry_match
150;САО;"ГБУ ""Автомобильные дороги САО""";1-й Войковский проезд;10002221;«Платф. Ленинградская»;1;особо значимые участки;odh_geometry_proxy
151;САО;"ГБУ ""Автомобильные дороги САО""";1-й Новоподмосковсный пер.;550571270;1-й Новоподмосковный пер.;1;особо значимые участки;no_odh_geometry_match
152;САО;"ГБУ ""Автомобильные дороги САО""";1-я Радиаторская ул.;10002218;1-я Радиаторская, д.5;1;особо значимые участки;odh_geometry_proxy
153;САО;"ГБУ ""Автомобильные дороги САО""";2-й Новоподмосковный пер.;10002243;2-й Новоподмосковный пер.;1;особо значимые участки;odh_geometry_proxy
154;САО;"ГБУ ""Автомобильные дороги САО""";2-й Новоподмосковный, д.5;10002496;2-й Новоподмосковный, д.5;1;особо значимые участки;odh_geometry_proxy
155;САО;"ГБУ ""Автомобильные дороги САО""";3-й Новоподмосковный пер.;10002353;3-й Новоподмосковный пер.;1;особо значимые участки;odh_geometry_proxy
156;САО;"ГБУ ""Автомобильные дороги САО""";5-й Войковский пр-д;753913983;5-й Войковский пр-д;1;особо значимые участки;odh_geometry_proxy
157;САО;"ГБУ ""Автомобильные дороги САО""";5-й Войковский проезд;10002225;«5-й Войковский пр.»;1;особо значимые участки;odh_geometry_proxy
158;САО;"ГБУ ""Автомобильные дороги САО""";Староперровский проезд;3476410;Метро Войковская;1;особо значимые участки;no_odh_geometry_match
159;САО;"ГБУ ""Автомобильные дороги САО""";Староперровский проезд;3476410;Онкологический диспансер;1;особо значимые участки;no_odh_geometry_match
160;САО;"ГБУ ""Автомобильные дороги САО""";"ТПУ ""Войковская""";3476410;«Метро ««Войковская» (к/ст.)»;1;особо значимые участки;no_odh_geometry_match
161;САО;"ГБУ ""Автомобильные дороги САО""";"ТПУ ""Войковская""";3476410;"ТПУ ""Войковская""";1;особо значимые участки;no_odh_geometry_match
162;САО;"ГБУ ""Автомобильные дороги САО""";ул. Адмирала Макарова;3476410;Метро Водный Стадион;1;особо значимые участки;no_odh_geometry_match
163;САО;"ГБУ ""Автомобильные дороги САО""";ул. Адмирала Макарова;3476410;ул. Адмирала Макарова, д.39;1;особо значимые участки;no_odh_geometry_match
164;САО;"ГБУ ""Автомобильные дороги САО""";ул. Клары Цеткин;3476410;Ф-ка игрушек;1;особо значимые участки;no_odh_geometry_match
165;САО;"ГБУ ""Автомобильные дороги САО""";Ул. Космонавта Волкова;3476410;ул. Космонавта Волкова, д. 10, стр. 1.;1;особо значимые участки;no_odh_geometry_match
166;САО;"ГБУ ""Автомобильные дороги САО""";Ул. Космонавта Волкова;3476410;ул. Космонавта Волкова, д.17;1;особо значимые участки;no_odh_geometry_match
167;САО;"ГБУ ""Автомобильные дороги САО""";Дубнинская улица;10002256;ул.Дубнинская дом 30;1;особо значимые участки;odh_geometry_proxy
168;САО;"ГБУ ""Автомобильные дороги САО""";Керамический проезд;753906080;Отдел соц. обеспечения;1;особо значимые участки;odh_geometry_proxy
169;САО;"ГБУ ""Автомобильные дороги САО""";Керамический проезд;753906080;Ст. Бескудниково (пос.);1;особо значимые участки;odh_geometry_proxy
170;САО;"ГБУ ""Автомобильные дороги САО""";Керамический проезд;753906080;ТПУ платформа Бескудниково;1;особо значимые участки;odh_geometry_proxy
171;САО;"ГБУ ""Автомобильные дороги САО""";Керамический проезд;753906080;Керамический проезд дом 59;1;особо значимые участки;odh_geometry_proxy
172;САО;"ГБУ ""Автомобильные дороги САО""";Керамический проезд;753906080;Керамический проезд дом 71 кор.1;1;особо значимые участки;odh_geometry_proxy
173;САО;"ГБУ ""Автомобильные дороги САО""";Керамический проезд;753906080;Керамический проезд дом  53кор 1;1;особо значимые участки;odh_geometry_proxy
174;САО;"ГБУ ""Автомобильные дороги САО""";Керамический проезд;753906080;пересечение Керамического проезда с ул.800 лет Москвы;1;особо значимые участки;odh_geometry_proxy
175;САО;"ГБУ ""Автомобильные дороги САО""";ул.Зарянова;3476410;Дубнинская ул., 24;2;особо значимые участки;no_odh_geometry_match
176;САО;"ГБУ ""Автомобильные дороги САО""";ул. Зарянова;3476410;Керамическкий пр-д, д.49;2;особо значимые участки;no_odh_geometry_match
177;САО;"ГБУ ""Автомобильные дороги САО""";ул. Дубнинская;3476410;ТПУ платформаДегунино;1;особо значимые участки;no_odh_geometry_match
178;САО;"ГБУ ""Автомобильные дороги САО""";Дубнинская улица;10002256;ул. Дубнинская, д. 12;1;особо значимые участки;odh_geometry_proxy
179;САО;"ГБУ ""Автомобильные дороги САО""";Дубнинская улица;10002256;ул. Дубнинская, д.52, к.1-5;1;особо значимые участки;odh_geometry_proxy
180;САО;"ГБУ ""Автомобильные дороги САО""";Дубнинская улица;10002256;ул. Дубнинская, д. 12;1;особо значимые участки;odh_geometry_proxy
181;САО;"ГБУ ""Автомобильные дороги САО""";Дубнинская улица;10002256;ул. Дубнинская, д. 30;1;особо значимые участки;odh_geometry_proxy
182;САО;"ГБУ ""Автомобильные дороги САО""";ул. Дубнинская;3476410;Керамический проезд д.77 корп.2;1;особо значимые участки;no_odh_geometry_match
183;САО;"ГБУ ""Автомобильные дороги САО""";3-й Лихачевский переулок;10002312;3-й Лихачевский пер.;1;особо значимые участки;odh_geometry_proxy
184;САО;"ГБУ ""Автомобильные дороги САО""";Авангардная улица;10002168;Авангардная ул., 15;1;особо значимые участки;odh_geometry_proxy
185;САО;"ГБУ ""Автомобильные дороги САО""";Кронштадский бульвар д.35А;2275130;Кронштадтский бульвар, 37;1;особо значимые участки;no_odh_geometry_match
186;САО;"ГБУ ""Жилищник района Головинский""";Ленинградское шоссе;2890359;Ленинградское шоссе, 58;1;особо значимые участки;no_odh_geometry_match
187;САО;"ГБУ ""Автомобильные дороги САО""";Лихоборская набережная;2890359;Лихоборская наб.;1;особо значимые участки;no_odh_geometry_match
188;САО;"ГБУ ""Автомобильные дороги САО""";Головинское шоссе;10002236;Головинское ш., вл. 1-3;1;особо значимые участки;odh_geometry_proxy
189;САО;"ГБУ ""Автомобильные дороги САО""";Нарвская улица;2890359;Нарвская ул. - Университет Гражданской Авиации;1;особо значимые участки;no_odh_geometry_match
190;САО;"ГБУ ""Автомобильные дороги САО""";Нарвская улица;2890359;ул.Нарвская, д.18;1;особо значимые участки;no_odh_geometry_match
191;САО;"ГБУ ""Автомобильные дороги САО""";"Площадь у станции метро ""Водный стадион""";4136841;ТПУ Водный стадион;1;особо значимые участки;no_odh_geometry_match
192;САО;"ГБУ ""Автомобильные дороги САО""";Пр-д от Кронштадского б-ра до ГИБДД (Смольная,6);4136841;Кронштадсткий б-р, д.33;1;особо значимые участки;no_odh_geometry_match
193;САО;"ГБУ ""Автомобильные дороги САО""";Проезд к колледжу (ул. Смольная, д. 10);4136841;Смольная улица, 10;1;особо значимые участки;no_odh_geometry_match
194;САО;"ГБУ ""Автомобильные дороги САО""";Пулковская улица;10002558;Пулковская ул.;1;особо значимые участки;odh_geometry_proxy
195;САО;"ГБУ ""Автомобильные дороги САО""";Пулковская улица;10002558;ул. Пулковская, д. 8;1;особо значимые участки;odh_geometry_proxy
196;САО;"ГБУ ""Автомобильные дороги САО""";Сенежская улица;10002576;Сенежская ул.,1 - Торговое училище;1;особо значимые участки;odh_geometry_proxy
197;САО;"ГБУ ""Автомобильные дороги САО""";Смольная улица;10002587;ул.Смольная, д.25;1;особо значимые участки;odh_geometry_proxy
198;САО;"ГБУ ""Автомобильные дороги САО""";Солнечногорская улица;10002589;Солнечногорская ул.,15 - Торговое училище;1;особо значимые участки;odh_geometry_proxy
199;САО;"ГБУ ""Автомобильные дороги САО""";Солнечногорская улица;10002589;ул. Солнечногорская, д.7;1;особо значимые участки;odh_geometry_proxy
200;САО;"ГБУ ""Автомобильные дороги САО""";Солнечногорский проезд;10002590;Солнечногорский пр-д, д.60;1;особо значимые участки;odh_geometry_proxy
201;САО;"ГБУ ""Автомобильные дороги САО""";"ТПУ ""Моссельмаш"" (Головинский район)";3476410;ТПУ Моссельмаш;1;особо значимые участки;no_odh_geometry_match
202;САО;"ГБУ ""Автомобильные дороги САО""";2-й лихачёвский переулок;903820014;НАМИ;1;особо значимые участки;odh_geometry_proxy
203;САО;"ГБУ ""Автомобильные дороги САО""";Ленинградское шоссе;2890359;Ленинградское шоссе 88;1;особо значимые участки;no_odh_geometry_match
204;САО;"ГБУ ""Автомобильные дороги САО""";2-й лихачёвский переулок;10002412;2-й Лихачёвский переулок д.8;1;особо значимые участки;no_odh_geometry_match
205;САО;"ГБУ ""Автомобильные дороги САО""";Флотская улица д. 27 (территория ярмарки выходного дня);3476410;ул.Зеленоградская, д.11;1;особо значимые участки;no_odh_geometry_match
206;САО;"ГБУ ""Автомобильные дороги САО""";Проезд от Коровинского шоссе и разворотный круг у ТЭЦ-21;10002501;Ижорская ул.;1;особо значимые участки;odh_geometry_proxy
207;САО;"ГБУ ""Автомобильные дороги САО""";Проезд от Коровинского шоссе и разворотный круг у ТЭЦ-21;10002501;Коровинского шоссе (ТЭЦ-21);1;особо значимые участки;odh_geometry_proxy
208;САО;"ГБУ ""Автомобильные дороги САО""";Проезд от Коровинского шоссе и разворотный круг у ТЭЦ-21;10002501;Ижорская ул.;1;особо значимые участки;odh_geometry_proxy
209;САО;"ГБУ ""Автомобильные дороги САО""";Карельский б-р. (Аллея Славы);697450;Карельский бульвар д. 5 тротуар;1;особо значимые участки;no_odh_geometry_match
210;САО;"ГБУ ""Автомобильные дороги САО""";Проезд от Коровинского шоссе до ул. Лобненская;4136841;Коровинское ш. д. 36А тротуар;1;особо значимые участки;no_odh_geometry_match
211;САО;"ГБУ ""Автомобильные дороги САО""";Автобусный круг у платформы Ховрино;753913983;Ст. Ховрино (выс.);1;особо значимые участки;odh_geometry_proxy
212;САО;"ГБУ ""Автомобильные дороги САО""";Базовская ул.;10002175;«Школа» Базовская 22;1;особо значимые участки;odh_geometry_proxy
213;САО;"ГБУ ""Автомобильные дороги САО""";Базовская ул.;10002175;«Школа» Базовская 20;1;особо значимые участки;odh_geometry_proxy
214;САО;"ГБУ ""Автомобильные дороги САО""";Базовская ул.;10002175;«Базовская 4» Базовская 4 к 1;1;особо значимые участки;odh_geometry_proxy
215;САО;"ГБУ ""Автомобильные дороги САО""";Базовская ул.;10002175;«Базовская 4» Базовская 6/27;1;особо значимые участки;odh_geometry_proxy
216;САО;"ГБУ ""Автомобильные дороги САО""";Верхнелихоборская ул.;10002175;М. Верхние Лихоборы;1;особо значимые участки;odh_geometry_proxy
217;САО;"ГБУ ""Автомобильные дороги САО""";Краснополянская улица;754379531;Краснополянская улица, 16/2 к.1;1;особо значимые участки;odh_geometry_proxy
218;САО;"ГБУ ""Автомобильные дороги САО""";Талдомская улица;10002601;Талдомская улица, 17 к.1;1;особо значимые участки;odh_geometry_proxy
219;САО;"ГБУ ""Автомобильные дороги САО""";ТПУ Моссельмаш;3476410;Платф. Моссельмаш (пос.);1;особо значимые участки;no_odh_geometry_match
220;САО;"ГБУ ""Автомобильные дороги САО""";ул. Бусиновская горка;3476410;Бусиновская горка д. 1;1;особо значимые участки;no_odh_geometry_match
221;САО;"ГБУ ""Автомобильные дороги САО""";ул. Весенняя;3476410;Весенняя ул. 10;1;особо значимые участки;no_odh_geometry_match
222;САО;"ГБУ ""Автомобильные дороги САО""";Весенняя ул.;10002175;Весенняя 20;1;особо значимые участки;odh_geometry_proxy
223;САО;"ГБУ ""Автомобильные дороги САО""";Весенняя ул.;10002175;Весенняя 21;1;особо значимые участки;odh_geometry_proxy
224;САО;"ГБУ ""Автомобильные дороги САО""";Проезд от ул. Базовская 3с.1 до ул. Базовская 15к.11 (пр. пр. 4370);753970186;«Базовская 17» Базовская 17;1;особо значимые участки;odh_geometry_proxy
225;САО;"ГБУ ""Автомобильные дороги САО""";Проезд от ул. Базовская 3с.1 до ул. Базовская 15к.11 (пр. пр. 4370);753970186;«Базовская 17» Базовская 15 к 11;1;особо значимые участки;odh_geometry_proxy
226;САО;"ГБУ ""Автомобильные дороги САО""";Проезд от ул. Базовская 3с.1 до ул. Базовская 15к.11 (пр. пр. 4370;4136841;«ЖК на Базовской» Базовская 15 к 5;1;особо значимые участки;no_odh_geometry_match
227;САО;"ГБУ ""Автомобильные дороги САО""";Проезд от ул. Базовская 3с.1 до ул. Базовская 15к.11 (пр. пр. 4370;4136841;«ЖК на Базовской» Базовская 15 к 4;1;особо значимые участки;no_odh_geometry_match
228;САО;"ГБУ ""Автомобильные дороги САО""";Проезд от ул. Базовская 3с.1 до ул. Базовская 15к.11 (пр. пр. 4370;4136841;«Базовский парк» Базовская 15 к 1;1;особо значимые участки;no_odh_geometry_match
229;САО;"ГБУ ""Автомобильные дороги САО""";Проезд от ул. Базовская 3с.1 до ул. Базовская 15к.11 (пр. пр. 4370);753970186;«Базовский парк» Базовская 15 к 15;1;особо значимые участки;odh_geometry_proxy
230;САО;"ГБУ ""Автомобильные дороги САО""";ул. И. Сусанина;3476410;Ул. Ивана Сусанина,10А;1;особо значимые участки;no_odh_geometry_match
231;САО;"ГБУ ""Автомобильные дороги САО""";ул. И. Сусанина;3476410;Ул. Ивана Сусанина, 6 к 2;1;особо значимые участки;no_odh_geometry_match
232;САО;"ГБУ ""Автомобильные дороги САО""";ул. И. Сусанина;3476410;Ул. Ивана Сусанина, 6 к 1;1;особо значимые участки;no_odh_geometry_match
233;САО;"ГБУ ""Автомобильные дороги САО""";улица Ивана Сусанина;754384317;«Областная детская больница» Ивана Сусанина 4 к 1;1;особо значимые участки;odh_geometry_proxy
234;САО;"ГБУ ""Автомобильные дороги САО""";улица Ивана Сусанина;754384317;«Областная детская больница» Ивана Сусанина 2 стр 4;1;особо значимые участки;odh_geometry_proxy
235;САО;"ГБУ ""Автомобильные дороги САО""";Автобусный круг «Ховрино»;753913983;ТПУ «Грачевская»;1;особо значимые участки;odh_geometry_proxy
236;САО;"ГБУ ""Автомобильные дороги САО""";Автобусный круг «Ховрино»;753913983;ТПУ «Грачевская»;1;особо значимые участки;odh_geometry_proxy
237;САО;"ГБУ ""Автомобильные дороги САО""";ул. Краснополянская;3476410;Краснополянская ул.;1;особо значимые участки;no_odh_geometry_match
238;САО;"ГБУ ""Автомобильные дороги САО""";ул. М. Федоренко;3476410;Ул. Марш. Федоренко, 2;1;особо значимые участки;no_odh_geometry_match
239;САО;"ГБУ ""Автомобильные дороги САО""";ул. М. Федоренко;3476410;Универсам;1;особо значимые участки;no_odh_geometry_match
240;САО;"ГБУ ""Автомобильные дороги САО""";ул. Пяловская;3476410;Пяловская ул., 20;1;особо значимые участки;no_odh_geometry_match
241;САО;"ГБУ ""Автомобильные дороги САО""";ул. Талдомская;3476410;Талдомская ул.;1;особо значимые участки;no_odh_geometry_match
242;САО;"ГБУ ""Автомобильные дороги САО""";ул. Талдомская;3476410;Школа им. Л.М. Доватора;1;особо значимые участки;no_odh_geometry_match
243;САО;"ГБУ ""Автомобильные дороги САО""";улица Бусиновская Горка;754383400;улица Бусиновская Горка, 13;1;особо значимые участки;odh_geometry_proxy
244;САО;"ГБУ ""Автомобильные дороги САО""";улица Ивана Сусанина;754384317;улица Ивана Сусанина, 10 (напротив);1;особо значимые участки;odh_geometry_proxy
245;САО;"ГБУ ""Автомобильные дороги САО""";улица Маршала Федоренко;10002613;улица Маршала Федоренко, 15 с.1;1;особо значимые участки;odh_geometry_proxy
246;САО;"ГБУ ""Автомобильные дороги САО""";3-й Новомихалковсккий переулок;12052162;3-Новомихалковсккий пер., д.3А;1;особо значимые участки;no_odh_geometry_match
247;САО;"ГБУ ""Жилищник района Коптево""";бульвар Матроса Железняка;10002342;бульвар Матроса Железняка д.18;1;особо значимые участки;odh_geometry_proxy
248;САО;"ГБУ ""Автомобильные дороги САО""";Коптевская улица;10002285;ул. Коптевская 65, 20;1;особо значимые участки;odh_geometry_proxy
249;САО;"ГБУ ""Автомобильные дороги САО""";Коптевская улица;10002285;Коптевская, 24;1;особо значимые участки;odh_geometry_proxy
250;САО;"ГБУ ""Автомобильные дороги САО""";Коптевский бульвар;10002288;Коптевский бульвар, 5, с. 3, 21, 24, стр. 11;1;особо значимые участки;odh_geometry_proxy
251;САО;"ГБУ ""Автомобильные дороги САО""";Новомихалковский 4-й проезд;10002357;4-й Новомихалковский пр., 3, 6, с. 1, 23/11, 12;1;особо значимые участки;odh_geometry_proxy
252;САО;"ГБУ ""Автомобильные дороги САО""";Новомихалковский 4-й проезд;10002357;Пересечение 4 -й новомихалковского проезда и проезда Черепановых;1;особо значимые участки;odh_geometry_proxy
253;САО;"ГБУ ""Автомобильные дороги САО""";Приорова ул.;10002550;ул. Приорова, д. 2, 10;1;особо значимые участки;odh_geometry_proxy
254;САО;"ГБУ ""Жилищник района Коптево""";Проезд от ул.Новая Ипатовка к подстанции скорой помощи;4136841;Проезд от ул.Новая Ипатовка к подстанции скорой помощи;1;особо значимые участки;no_odh_geometry_match
255;САО;"ГБУ ""Автомобильные дороги САО""";проезд Черепановых;10002635;проезд Черепановых д.24;1;особо значимые участки;odh_geometry_proxy
256;САО;"ГБУ ""Автомобильные дороги САО""";Соболевский проезд;10002588;Коптевская, 18, влд. 24, 3-й Михалковский пер. 22, 15,ул. Михалковская, д. 13, корп. 1;1;особо значимые участки;odh_geometry_proxy
257;САО;"ГБУ ""Автомобильные дороги САО""";Соболевский проезд;10002588;Соболевский пр-д, д.20;1;особо значимые участки;odh_geometry_proxy
258;САО;"ГБУ ""Автомобильные дороги САО""";"ТПУ ""Красный балтиец""";3476410;Космонавта Волкова улица, 18;1;особо значимые участки;no_odh_geometry_match
259;САО;"ГБУ ""Автомобильные дороги САО""";"ТПУ ""Красный балтиец""";3476410;Космонавта Волкова улица, 18;1;особо значимые участки;no_odh_geometry_match
260;САО;"ГБУ ""Автомобильные дороги САО""";улица Новая Ипатовка;10002369;улица Новая Ипатовка д.5с2;1;особо значимые участки;odh_geometry_proxy
261;САО;"ГБУ ""Автомобильные дороги САО""";ТПУ Речной вокзал Жилищник Левобережный;757159046;Фестивальная улица, 11;1;особо значимые участки;odh_geometry_proxy
262;САО;"ГБУ ""Автомобильные дороги САО""";ТПУ Речной вокзал Жилищник Левобережный;757159046;Посадочная площадка 1;1;особо значимые участки;odh_geometry_proxy
263;САО;"ГБУ ""Автомобильные дороги САО""";ТПУ Речной вокзал Жилищник Левобережный;757159046;Посадочная площадка 2;1;особо значимые участки;odh_geometry_proxy
264;САО;"ГБУ ""Автомобильные дороги САО""";Проезд от Левобережной улицы до МКАД;10002457;Левобережная ул. 12;1;особо значимые участки;odh_geometry_proxy
265;САО;"ГБУ ""Жилищник района Левобережный""";Проезд от Левобережной улицы дл улицы Дыбенко;4136841;Левобережная ул. 12;1;особо значимые участки;no_odh_geometry_match
266;САО;"ГБУ ""Автомобильные дороги САО""";ТПУ Речной вокзал Жилищник Левобережный;757159046;Посадочная площадка 3;1;особо значимые участки;odh_geometry_proxy
267;САО;"ГБУ ""Автомобильные дороги САО""";Территория проезда вокруг Академии хорового искусства имени В.С. Попова;757152892;Фестивальная ул. 2;1;особо значимые участки;odh_geometry_proxy
268;САО;"ГБУ ""Автомобильные дороги САО""";Подъезд к дому №9 по Фестивальной улице (подъезд к ЗАГСу);4136841;Фестивальная ул. 5 с3;1;особо значимые участки;no_odh_geometry_match
269;САО;"ГБУ ""Автомобильные дороги САО""";Проезд от Левобережной улицы до улицы Дыбенко;10002507;Левобережная ул. 8 с1;1;особо значимые участки;odh_geometry_proxy
270;САО;"ГБУ ""Жилищник района Левобережный""";улица Белинского;3476410;Левобережная ул. 12А;1;особо значимые участки;no_odh_geometry_match
271;САО;"ГБУ ""Автомобильные дороги САО""";1-я Квесисская улица;10002274;1-я Квесисская, д.8;1;особо значимые участки;odh_geometry_proxy
272;САО;"ГБУ ""Автомобильные дороги САО""";1-я Хуторская улица;10002623;1-я Хуторская ул.;1;особо значимые участки;odh_geometry_proxy
273;САО;"ГБУ ""Автомобильные дороги САО""";2-й Хуторской переулок;718955464;2-я Хуторская, д.15;1;особо значимые участки;no_odh_geometry_match
274;САО;"ГБУ ""Автомобильные дороги САО""";2-я Квесисская улица;10002275;Бутырский рынок;1;особо значимые участки;odh_geometry_proxy
275;САО;"ГБУ ""Автомобильные дороги САО""";2-я Хуторская улица;10002624;Всероссийское Общество Слепых (нечетная сторона);1;особо значимые участки;odh_geometry_proxy
276;САО;"ГБУ ""Автомобильные дороги САО""";2-я Хуторская улица;10002624;Всероссийское Общество Слепых (четная сторона);1;особо значимые участки;odh_geometry_proxy
277;САО;"ГБУ ""Автомобильные дороги САО""";4-й Вятский переулок;10002233;4-й Вятский, д.39;1;особо значимые участки;odh_geometry_proxy
278;САО;"ГБУ ""Автомобильные дороги САО""";4-й Вятский переулок;10002233;8-я гор. б-ца;1;особо значимые участки;odh_geometry_proxy
279;САО;"ГБУ ""Автомобильные дороги САО""";Вятская улица;10002232;Д/к им. Горького;1;особо значимые участки;odh_geometry_proxy
280;САО;"ГБУ ""Автомобильные дороги САО""";Вятская улица;10002232;Метро Дмитровская;1;особо значимые участки;odh_geometry_proxy
281;САО;"ГБУ ""Автомобильные дороги САО""";Вятская улица;10002232;ул. Бутырская, д.17А;1;особо значимые участки;odh_geometry_proxy
282;САО;"ГБУ ""Автомобильные дороги САО""";Вятская улица;10002232;ул. Вятская, д.29;1;особо значимые участки;odh_geometry_proxy
283;САО;"ГБУ ""Автомобильные дороги САО""";Мирской переулок;10002346;Ул. Юннатов;1;особо значимые участки;odh_geometry_proxy
284;САО;"ГБУ ""Автомобильные дороги САО""";Писцовая ул.;4136841;ул. 2-я Бебеля;1;особо значимые участки;no_odh_geometry_match
285;САО;"ГБУ ""Автомобильные дороги САО""";Писцовая улица;10002404;Башиловская ул. - Гор. б-ца № 24;1;особо значимые участки;odh_geometry_proxy
286;САО;"ГБУ ""Автомобильные дороги САО""";Писцовая улица;10002404;ул. Писцовая, д.10;1;особо значимые участки;odh_geometry_proxy
287;САО;"ГБУ ""Автомобильные дороги САО""";Писцовая улица;10002404;ул.Писцовая, д.14А;1;особо значимые участки;odh_geometry_proxy
288;САО;"ГБУ ""Автомобильные дороги САО""";Писцовая улица;10002404;ул.Писцовая, д.7А;1;особо значимые участки;odh_geometry_proxy
289;САО;"ГБУ ""Автомобильные дороги САО""";Полтавская ул. - Пенсионный фонд;4136841;Полтавская ул. - Пенсионный фонд;1;особо значимые участки;no_odh_geometry_match
290;САО;"ГБУ ""Автомобильные дороги САО""";Полтавская улица;10002439;ул.Н.Масловка, д.16;1;особо значимые участки;odh_geometry_proxy
291;САО;"ГБУ ""Автомобильные дороги САО""";Старый Петровско-Разумовский проезд;10002386;"ООТ ""Поликлиника""";1;особо значимые участки;odh_geometry_proxy
292;САО;"ГБУ ""Автомобильные дороги САО""";Юннатов улица;4120413;ул. Юнатов, д.12;1;особо значимые участки;no_odh_geometry_match
293;САО;"ГБУ ""Автомобильные дороги САО""";;314949734;ТПУ Дмитровская;1;особо значимые участки;odh_geometry_proxy
294;САО;"ГБУ ""Автомобильные дороги САО""";2-я Песчаная ул.;10002482;2-я Песчаная ул.;1;особо значимые участки;odh_geometry_proxy
295;САО;"ГБУ ""Автомобильные дороги САО""";Новопесчаная ул.;2890359;К/т Ленинград;1;особо значимые участки;no_odh_geometry_match
296;САО;"ГБУ ""Автомобильные дороги САО""";Новопесчаная ул.;2890359;Новопесчаная ул., 3;1;особо значимые участки;no_odh_geometry_match
297;САО;"ГБУ ""Автомобильные дороги САО""";Песчаная пл.;2890359;Песчаная пл.;1;особо значимые участки;no_odh_geometry_match
298;САО;"ГБУ ""Автомобильные дороги САО""";Песчаная пл.;2890359;Песчаная пл. (выс.);1;особо значимые участки;no_odh_geometry_match
299;САО;"ГБУ ""Автомобильные дороги САО""";Песчаная ул.;2890359;Песчаная ул. д.10;1;особо значимые участки;no_odh_geometry_match
300;САО;"ГБУ ""Автомобильные дороги САО""";Проезд от Волоколамского шоссе к МГУПП;4136841;Волоколамское шоссе, 11;1;особо значимые участки;no_odh_geometry_match
301;САО;"ГБУ ""Автомобильные дороги САО""";Проезд от Ленинградского шоссе;4136841;Ленинградский проспект, 80, корпус Е;1;особо значимые участки;no_odh_geometry_match
302;САО;"ГБУ ""Автомобильные дороги САО""";Разворотный круг троллейбусов у метро Сокол;4136841;ТПУ Сокол;1;особо значимые участки;no_odh_geometry_match
303;САО;"ГБУ ""Автомобильные дороги САО""";ул. Константина Царева;3476410;Мост Победы - Студгородок;1;особо значимые участки;no_odh_geometry_match
304;САО;"ГБУ ""Автомобильные дороги САО""";Ул. Панфилова;3476410;Ул. Панфилова, 16;1;особо значимые участки;no_odh_geometry_match
305;САО;"ГБУ ""Автомобильные дороги САО""";ул. Песчаная;3476410;ул. Песчаная д.2;1;особо значимые участки;no_odh_geometry_match
306;САО;"ГБУ ""Автомобильные дороги САО""";ул. Сальвадора Альенде;3476410;Ул. Сальвадора Альенде;1;особо значимые участки;no_odh_geometry_match
307;САО;"ГБУ ""Автомобильные дороги САО""";Чапаевский пер.;4120413;Чапаевский пер, д.16;1;особо значимые участки;no_odh_geometry_match
308;САО;"ГБУ ""Автомобильные дороги САО""";Чапаевский пер.;4120413;Чапаевский пер., д.4;1;особо значимые участки;no_odh_geometry_match
309;САО;"ГБУ ""Автомобильные дороги САО""";Чапаевский пер.;4120413;Чапаевский пр.;1;особо значимые участки;no_odh_geometry_match
310;САО;"ГБУ ""Автомобильные дороги САО""";Дмитровский проезд;10002243;Дмитровский пр.;1;особо значимые участки;odh_geometry_proxy
311;САО;"ГБУ ""Автомобильные дороги САО""";Дмитровский путепровод;4119461;Дмитровский Путепрвод;1;особо значимые участки;no_odh_geometry_match
312;САО;"ГБУ ""Автомобильные дороги САО""";Лиственничная аллея;10002309;Лиственничная аллея, 3;1;особо значимые участки;odh_geometry_proxy
313;САО;"ГБУ ""Автомобильные дороги САО""";Пасечная улица;10002393;Пасечная ул.;1;особо значимые участки;odh_geometry_proxy
314;САО;"ГБУ ""Автомобильные дороги САО""";проезд Соломенной Сторожки;10002591;Пр. Соломенной Сторожки;1;особо значимые участки;odh_geometry_proxy
315;САО;"ГБУ ""Автомобильные дороги САО""";"Территория перед станцией метро ""Петровско-Разумовская""";3476410;Метро Петровско-Разумовская (пос.);1;особо значимые участки;no_odh_geometry_match
316;САО;"ГБУ ""Автомобильные дороги САО""";"ТПУ ""Петровско-Разумовская""";3476410;ТПУ Петровско-Разумовская;1;особо значимые участки;no_odh_geometry_match
317;САО;"ГБУ ""Автомобильные дороги САО""";"ТПУ ""Тимирязевская""";3476410;ТПУ Тимирязевская;1;особо значимые участки;no_odh_geometry_match
318;САО;"ГБУ ""Автомобильные дороги САО""";ТПУ Дмитровская;789338230;ТПУ Дмитровская;1;особо значимые участки;odh_geometry_proxy
319;САО;"ГБУ ""Автомобильные дороги САО""";ул. Всеволода Вишневского;3476410;Ул. Всеволода Вишневского;1;особо значимые участки;no_odh_geometry_match
320;САО;"ГБУ ""Автомобильные дороги САО""";ул. Вучетича;3476410;ул.Вучетича, д.21;1;особо значимые участки;no_odh_geometry_match
321;САО;"ГБУ ""Автомобильные дороги САО""";ул. Вучетича;3476410;ул.Вучетича, д.22;1;особо значимые участки;no_odh_geometry_match
322;САО;"ГБУ ""Автомобильные дороги САО""";ул. Дубки;3476410;Парк Дубки;1;особо значимые участки;no_odh_geometry_match
323;САО;"ГБУ ""Автомобильные дороги САО""";ул.Немчинова;3476410;ул. Немчингова, д.14;1;особо значимые участки;no_odh_geometry_match
324;САО;"ГБУ ""Автомобильные дороги САО""";Чуксин тупик;10002637;ТПУ Гражданская;1;особо значимые участки;odh_geometry_proxy
325;САО;"ГБУ ""Автомобильные дороги САО""";Клинская ул.;2275130;"ООТ ""Клинская ул."" ( д.7)";1;особо значимые участки;no_odh_geometry_match
326;САО;"ГБУ ""Автомобильные дороги САО""";Клинская ул.;2275130;"ООТ  ""Клинская ул. д. 19""";1;особо значимые участки;no_odh_geometry_match
327;САО;"ГБУ ""Автомобильные дороги САО""";Клинская ул.;2275130;"ООТ  ""Клинская ул. д. 19""  ( около д. 12)";1;особо значимые участки;no_odh_geometry_match
328;САО;"ГБУ ""Автомобильные дороги САО""";Клинская ул.;2275130;"ООТ "" Клинский проезд"" д. 2А к 7";1;особо значимые участки;no_odh_geometry_match
329;САО;"ГБУ ""Автомобильные дороги САО""";Петрозаводская 24 А;2890359;"ООТ  "" Петрозаводская ул.""";1;особо значимые участки;no_odh_geometry_match
330;САО;"ГБУ ""Автомобильные дороги САО""";Ляпидевского ул.;2890359;"ООТ  ""Дворец спорта  Динамо""";1;особо значимые участки;no_odh_geometry_match
331;САО;"ГБУ ""Автомобильные дороги САО""";Зеленоградская  ул.;697450;"ООТ  "" Метро Ховрино""";1;особо значимые участки;no_odh_geometry_match
332;САО;"ГБУ ""Автомобильные дороги САО""";Зеленоградская  ул.;697450;"ООТ "" Платформа Грачевская"" (со стороны ж/д)";1;особо значимые участки;no_odh_geometry_match
333;САО;"ГБУ ""Автомобильные дороги САО""";Зеленоградская  ул.;697450;"ООТ ""  Почта"" ( Зеленоградская 33к1)";1;особо значимые участки;no_odh_geometry_match
334;САО;"ГБУ ""Автомобильные дороги САО""";Дыбенко ул.;697450;"ООТ ""Метро Ховрино"" д.5А";1;особо значимые участки;no_odh_geometry_match
335;САО;"ГБУ ""Автомобильные дороги САО""";Дыбенко ул.;697450;"ООТ ""Метро Ховрино"" д. 42";1;особо значимые участки;no_odh_geometry_match
336;САО;"ГБУ ""Автомобильные дороги САО""";Дыбенко ул.;697450;"ООТ "" Дыбенко ул., д. 6"" ( магазин ""Мираторг"")";1;особо значимые участки;no_odh_geometry_match
337;САО;"ГБУ ""Автомобильные дороги САО""";Дыбенко ул.;697450;"ООТ ""Дыбенко ул., д. 28""";1;особо значимые участки;no_odh_geometry_match
338;САО;"ГБУ ""Автомобильные дороги САО""";Дыбенко ул.;697450;"ООТ ""Дыбенко ул., д. 28""";1;особо значимые участки;no_odh_geometry_match
339;САО;"ГБУ ""Автомобильные дороги САО""";Лавочкина ул.;2275130;"ООТ "" 15-й Таксомоторный парк""";1;особо значимые участки;no_odh_geometry_match
340;САО;"ГБУ ""Автомобильные дороги САО""";Лавочкина ул.;2275130;"ООТ "" Ул.Лавочкина""";1;особо значимые участки;no_odh_geometry_match
341;САО;"ГБУ ""Автомобильные дороги САО""";Лавочкина ул.;2275130;"ООТ "" Ул. Лавочкина , д. 54""";1;особо значимые участки;no_odh_geometry_match
342;САО;"ГБУ ""Автомобильные дороги САО""";Лавочкина ул.;2275130;"ООТ "" Ул.Лавочкина""";1;особо значимые участки;no_odh_geometry_match
343;САО;"ГБУ ""Автомобильные дороги САО""";Зеленоградская  ул.;697450;"ООТ "" Ул. Лавочкина , д. 54""";1;особо значимые участки;no_odh_geometry_match
344;САО;"ГБУ ""Автомобильные дороги САО""";1-й Магистральный тупик;10002332;1-й Магистральный тупик д.5;1;особо значимые участки;odh_geometry_proxy
345;САО;"ГБУ ""Автомобильные дороги САО""";2й Магистральный туп.;10002401;2й Магистральный туп. Д.5 А с.4;1;особо значимые участки;odh_geometry_proxy
346;САО;"ГБУ ""Автомобильные дороги САО""";2-й Хорошевский пр.;10002591;2-й Хорошевский пр. д. 3 А;1;особо значимые участки;odh_geometry_proxy
347;САО;"ГБУ ""Автомобильные дороги САО""";Магистральный пер.;2890359;Магистральный пер. д.5 А;1;особо значимые участки;no_odh_geometry_match
348;САО;"ГБУ ""Автомобильные дороги САО""";местный проезд к Ледовому дворцу;10002649;Ходынский бульвар д.3;1;особо значимые участки;odh_geometry_proxy
349;САО;"ГБУ ""Автомобильные дороги САО""";ТПУ Аэропорт (Хорошевский район);3476410;Ленинградский проспект, 47с1;1;особо значимые участки;no_odh_geometry_match
350;САО;"ГБУ ""Автомобильные дороги САО""";ул. Викторенко, д.2/1;3476410;ул. Острякова 1/2;1;особо значимые участки;no_odh_geometry_match
351;САО;"ГБУ ""Автомобильные дороги САО""";улица Полины Осипенко (пр.пр № 5489);10002656;улица Полины Осипенко (пр.пр № 5489) д.58;1;особо значимые участки;odh_geometry_proxy
352;САО;"ГБУ ""Автомобильные дороги САО""";Хорошёвский тупик;2271155;Хорошёвский шоссе 64 А с.2;1;особо значимые участки;no_odh_geometry_match
353;САО;"ГБУ ""Автомобильные дороги САО""";Третий пересадочный контур, станция Ходынское поле (ЦСК);3476410;Станция метро ЦСКА (1 Выход);1;особо значимые участки;no_odh_geometry_match
354;САО;"ГБУ ""Автомобильные дороги САО""";ул. Дубнинская;3476410;ул.Дубнинская дом 10 корп.1 (пересечение с Дегунинским проездом);2;особо значимые участки;no_odh_geometry_match
355;САО;"ГБУ ""Автомобильные дороги САО""";ул. Дубнинская;3476410;ул.Дубнинская дом 16 корп.1 (у школы №183);1;особо значимые участки;no_odh_geometry_match
356;САО;"ГБУ ""Автомобильные дороги САО""";ул. Дубнинская;3476410;ул. Дубнинская д.85 (ООТ Керамический проезд);1;особо значимые участки;no_odh_geometry_match
357;САО;"ГБУ ""Автомобильные дороги САО""";ул. Дубнинская;3476410;ул.Дубнинская д.38 к.1 (ООТ Микрорайон Дубки);1;особо значимые участки;no_odh_geometry_match
358;САО;"ГБУ ""Автомобильные дороги САО""";ул. Дубнинская;3476410;ТПУ Лианозово;1;особо значимые участки;no_odh_geometry_match
359;САО;"ГБУ ""Автомобильные дороги САО""";ул. Петрозоводская д.7;3476410;ул. Петрозоводская д.7;1;у социально значимых объектах;no_odh_geometry_match
360;САО;"ГБУ ""Автомобильные дороги САО""";Прибрежный проезд д.10;4136841;Прибрежный проезд д.10;1;у социально значимых объектах;no_odh_geometry_match
361;САО;"ГБУ ""Автомобильные дороги САО""";ул. Смольная д.53;3476410;ул. Смольная д.53;1;у социально значимых объектах;no_odh_geometry_match
362;САО;"ГБУ ""Автомобильные дороги САО""";м. Полежаевская;2890359;м. Полежаевская;1;у социально значимых объектах;no_odh_geometry_match
363;САО;"ГБУ ""Автомобильные дороги САО""";м. Динамо;2890359;м. Динамо;1;у социально значимых объектах;no_odh_geometry_match
364;САО;"ГБУ ""Автомобильные дороги САО""";ул. 5-я Магистральная д.21А;3476410;ул. 5-я Магистральная д.21А;1;у социально значимых объектах;no_odh_geometry_match
365;САО;"ГБУ ""Автомобильные дороги САО""";Бескудниковский бульвар д.20 к.5;10002175;Бескудниковский бульвар д.20 к.5;1;у социально значимых объектах;odh_geometry_proxy
366;САО;"ГБУ ""Автомобильные дороги САО""";ул. Лобненская д.20;3476410;ул. Лобненская д.20;1;у социально значимых объектах;no_odh_geometry_match
367;САО;"ГБУ ""Автомобильные дороги САО""";1-й Балтийский пер., д. 3/25;10002606;1-й Балтийский пер., д. 3/25;1;у социально значимых объектах;odh_geometry_proxy
368;САО;"ГБУ ""Автомобильные дороги САО""";ул. Часовая, д. 19Б;3476410;ул. Часовая, д. 19Б;1;у социально значимых объектах;no_odh_geometry_match
369;САО;"ГБУ ""Автомобильные дороги САО""";ул. Верхняя Масловка, д. 1А;3476410;ул. Верхняя Масловка, д. 1А;1;у социально значимых объектах;no_odh_geometry_match
370;САО;"ГБУ ""Автомобильные дороги САО""";ул. Пилота Нестерова, д. 3, корп. 3;3476410;ул. Пилота Нестерова, д. 3, корп. 3;1;у социально значимых объектах;no_odh_geometry_match
371;САО;"ГБУ ""Автомобильные дороги САО""";Новый Зыковский пр-д, вл. 4, стр. 1;2890359;Новый Зыковский пр-д, вл. 4, стр. 1;1;у социально значимых объектах;no_odh_geometry_match
372;САО;"ГБУ ""Жилищник района Беговой""";1-й Боткинский проезд, 9;10006106;1-й Боткинский проезд, 9;1;у социально значимых объектах;odh_geometry_proxy
373;САО;"ГБУ ""Автомобильные дороги САО""";3-я Ямского поля, 17;11356751;3-я Ямского поля, 17;1;у социально значимых объектах;no_odh_geometry_match
374;САО;"ГБУ ""Автомобильные дороги САО""";Беговой проезд, 11;10002175;Беговой проезд, 11;1;у социально значимых объектах;odh_geometry_proxy
375;САО;"ГБУ ""Автомобильные дороги САО""";Скаковая улица, 20с4;4136841;Скаковая улица, 20с4;1;у социально значимых объектах;no_odh_geometry_match
376;САО;"ГБУ ""Жилищник района Беговой""";Ленинградский проспект, 33к1 (Грушевая аллея);2890359;Ленинградский проспект, 33к1 (Грушевая аллея);1;у социально значимых объектах;no_odh_geometry_match
377;САО;"ГБУ ""Автомобильные дороги САО""";Дубнинская ул., д.7;697450;Дубнинская ул., д.7;1;у социально значимых объектах;no_odh_geometry_match
378;САО;"ГБУ ""Автомобильные дороги САО""";Дубнинская ул., д.33А;697450;Дубнинская ул., д.33А;1;у социально значимых объектах;no_odh_geometry_match
379;САО;"ГБУ ""Автомобильные дороги САО""";Дубнинская ул., д.41;697450;Дубнинская ул., д.41;1;у социально значимых объектах;no_odh_geometry_match
380;САО;"ГБУ ""Автомобильные дороги САО""";Дубнинская ул., д.49;697450;Дубнинская ул., д.49;1;у социально значимых объектах;no_odh_geometry_match
381;САО;"ГБУ ""Автомобильные дороги САО""";Бескудниковский пр-д.,4Б;10002175;Бескудниковский пр-д.,4Б;1;у социально значимых объектах;odh_geometry_proxy
382;САО;"ГБУ ""Жилищник района Войковский""";Улица Зои и Александра Космодемьянских, 3 к1;3476410;Улица Зои и Александра Космодемьянских, 3 к1;1;у социально значимых объектах;no_odh_geometry_match
383;САО;"ГБУ ""Жилищник района Войковский""";Улица Зои и Александра Космодемьянских, 7 к2;3476410;Улица Зои и Александра Космодемьянских, 7 к2;1;у социально значимых объектах;no_odh_geometry_match
384;САО;"ГБУ ""Жилищник района Войковский""";5-й Войковский проезд, 12;753913983;5-й Войковский проезд, 12;1;у социально значимых объектах;odh_geometry_proxy
385;САО;"ГБУ ""Жилищник района Войковский""";Улица Зои и Александра Космодемьянских, 4а;3476410;Улица Зои и Александра Космодемьянских, 4а;1;у социально значимых объектах;no_odh_geometry_match
386;САО;"ГБУ ""Жилищник района Войковский""";Улица Нарвская, 1а к8;3476410;Улица Нарвская, 1а к8;1;у социально значимых объектах;no_odh_geometry_match
387;САО;"ГБУ ""Жилищник района Восточное Дегунино""";Керамический пр., 47А;2275130;Керамический пр., 47А;1;у социально значимых объектах;no_odh_geometry_match
388;САО;"ГБУ ""Автомобильные дороги САО""";Ленинградское ш.88;2890359;Ленинградское ш.88;1;у социально значимых объектах;no_odh_geometry_match
389;САО;"ГБУ ""Автомобильные дороги САО""";Конаковский проезд 4к2;2275130;Конаковский проезд 4к2;1;у социально значимых объектах;no_odh_geometry_match
390;САО;"ГБУ ""Автомобильные дороги САО""";2-й Лихачевский д8;10002650;2-й Лихачевский д8;1;у социально значимых объектах;odh_geometry_proxy
391;САО;"ГБУ ""Автомобильные дороги САО""";Кронштадский бульвар 24к1;2275130;Кронштадский бульвар 24к1;1;у социально значимых объектах;no_odh_geometry_match
392;САО;"ГБУ ""Жилищник района Головинский""";1-й Лихачевский 4к2;340324717;1-й Лихачевский 4к2;1;у социально значимых объектах;no_odh_geometry_match
393;САО;"ГБУ ""Автомобильные дороги САО""";"Подъезд к кинотеатру ""Волга""";4136841;"Подъезд к кинотеатру ""Волга""";1;у социально значимых объектах;no_odh_geometry_match
394;САО;"ГБУ ""Автомобильные дороги САО""";Проезд от ул. Софьи Ковалевской к дет саду № 1268;10005160;Проезд от ул. Софьи Ковалевской к дет саду № 1268;1;у социально значимых объектах;odh_geometry_proxy
395;САО;"ГБУ ""Автомобильные дороги САО""";Проезд от ул. С. Ковалевской до ул. Лобненская, 9Ас1 (к зданию мировых судей);708071607;Проезд от ул. С. Ковалевской до ул. Лобненская, 9Ас1 (к зданию мировых судей);1;у социально значимых объектах;odh_geometry_proxy
396;САО;"ГБУ ""Автомобильные дороги САО""";Проезд от Ангарской улицы до улицы С.Ковалевской;10002453;Проезд от Ангарской улицы до улицы С.Ковалевской;1;у социально значимых объектах;odh_geometry_proxy
397;САО;"ГБУ ""Автомобильные дороги САО""";Площадка на пересечении ул. Лобненская и Дмитровского ш.;708061019;Площадка на пересечении ул. Лобненская и Дмитровского ш.;1;у социально значимых объектах;odh_geometry_proxy
398;САО;"ГБУ ""Жилищник района Западное Дегунино""";Дегунинская 8А;446185;Дегунинская 8А;1;у социально значимых объектах;no_odh_geometry_match
399;САО;"ГБУ ""Жилищник района Западное Дегунино""";Талдомская 2;3476410;Талдомская 2;1;у социально значимых объектах;no_odh_geometry_match
400;САО;"ГБУ ""Жилищник района Западное Дегунино""";Сусанина Ивана;3476410;Сусанина Ивана;1;у социально значимых объектах;no_odh_geometry_match
401;САО;"ГБУ ""Автомобильные дороги САО""";проезд Черепановых д.72;4136841;проезд Черепановых д.72;1;у социально значимых объектах;no_odh_geometry_match
402;САО;"ГБУ ""Автомобильные дороги САО""";проезд Черепановых д.20;4136841;проезд Черепановых д.20;1;у социально значимых объектах;no_odh_geometry_match
403;САО;"ГБУ ""Автомобильные дороги САО""";Лихоборские бугры д.9;2890359;Лихоборские бугры д.9;1;у социально значимых объектах;no_odh_geometry_match
404;САО;"ГБУ ""Автомобильные дороги САО""";Детская инфекционная больница №6;4119461;Детская инфекционная больница №6;1;у социально значимых объектах;no_odh_geometry_match
405;САО;"ГБУ ""Жилищник района Коптево""";Бульвар матроса Железняка д.10;10002175;Бульвар матроса Железняка д.10;1;у социально значимых объектах;odh_geometry_proxy
406;САО;"ГБУ ""Автомобильные дороги САО""";Валдайский проезд;10002175;Валдайский проезд;1;у социально значимых объектах;odh_geometry_proxy
407;САО;"ГБУ ""Автомобильные дороги САО""";Проезд от Валдайского проезда до Прибрежного проезда;10006106;Проезд от Валдайского проезда до Прибрежного проезда;1;у социально значимых объектах;odh_geometry_proxy
408;САО;"ГБУ ""Автомобильные дороги САО""";Проезд от Валдайского проезда до Смольной улицы;12344839;Проезд от Валдайского проезда до Смольной улицы;1;у социально значимых объектах;odh_geometry_proxy
409;САО;"ГБУ ""Автомобильные дороги САО""";Валдайский проезд;10002175;Валдайский проезд;1;у социально значимых объектах;odh_geometry_proxy
410;САО;"ГБУ ""Автомобильные дороги САО""";Проезд от Валдайского проезда до Левобережной улицы;10002489;Проезд от Валдайского проезда до Левобережной улицы;1;у социально значимых объектах;odh_geometry_proxy
411;САО;"ГБУ ""Автомобильные дороги САО""";Полтавская ул., д.18;4136841;Полтавская ул., д.18;1;у социально значимых объектах;no_odh_geometry_match
412;САО;"ГБУ ""Автомобильные дороги САО""";Вятская ул., д.78, стр.3;446185;Вятская ул., д.78, стр.3;1;у социально значимых объектах;no_odh_geometry_match
413;САО;"ГБУ ""Жилищник района Савеловский""";Юннатов ул., д.22;4120413;Юннатов ул., д.22;1;у социально значимых объектах;no_odh_geometry_match
414;САО;"ГБУ ""Жилищник района Савеловский""";8 Марта ул., д.6А, стр.2;753913983;8 Марта ул., д.6А, стр.2;1;у социально значимых объектах;odh_geometry_proxy
415;САО;"ГБУ ""Автомобильные дороги САО""";Полтавская ул., д.35;4136841;Полтавская ул., д.35;1;у социально значимых объектах;no_odh_geometry_match
416;САО;"ГБУ ""Автомобильные дороги САО""";Врубеля дом 6;446185;Врубеля дом 6;1;у социально значимых объектах;no_odh_geometry_match
417;САО;"ГБУ ""Автомобильные дороги САО""";улица Левитана, 3А;3476410;улица Левитана, 3А;1;у социально значимых объектах;no_odh_geometry_match
418;САО;"ГБУ ""Автомобильные дороги САО""";улица Сальвадора Альенде, 9;3476410;улица Сальвадора Альенде, 9;1;у социально значимых объектах;no_odh_geometry_match
419;САО;"ГБУ ""Автомобильные дороги САО""";Песчаная улица, 7;2890359;Песчаная улица, 7;1;у социально значимых объектах;no_odh_geometry_match
420;САО;"ГБУ ""Автомобильные дороги САО""";Дубосековская улица, 3;697450;Дубосековская улица, 3;1;у социально значимых объектах;no_odh_geometry_match
421;САО;"ГБУ ""Автомобильные дороги САО""";Дмитровский пр;4119461;Дмитровский пр;1;у социально значимых объектах;no_odh_geometry_match
422;САО;"ГБУ ""Автомобильные дороги САО""";Красностуденческий пр;2275130;Красностуденческий пр;1;у социально значимых объектах;no_odh_geometry_match
423;САО;"ГБУ ""Автомобильные дороги САО""";ул. Вучетича;3476410;ул. Вучетича;1;у социально значимых объектах;no_odh_geometry_match
424;САО;"ГБУ ""Автомобильные дороги САО""";ул. Вучетича;3476410;ул. Вучетича;1;у социально значимых объектах;no_odh_geometry_match
425;САО;"ГБУ ""Автомобильные дороги САО""";ул. Костякова;3476410;ул. Костякова;1;у социально значимых объектах;no_odh_geometry_match
426;САО;"ГБУ ""Автомобильные дороги САО""";Клинская  на против д. 3;2275130;Клинская  на против д. 3;1;у социально значимых объектах;no_odh_geometry_match
427;САО;"ГБУ ""Жилищник района Ховрино""";Фестивальная ул. 8;3476410;Фестивальная ул. 8;1;у социально значимых объектах;no_odh_geometry_match
428;САО;"ГБУ ""Автомобильные дороги САО""";Зеленоградская ул.;697450;Зеленоградская ул.;1;у социально значимых объектах;no_odh_geometry_match
429;САО;"ГБУ ""Жилищник района Хорошевский""";3-й Ходынский проезд;10002443;3-й Ходынский проезд;1;у социально значимых объектах;odh_geometry_proxy
430;САО;"ГБУ ""Жилищник района Хорошевский""";Проезд № 1 от ул. Зорге до ул. Куусинена;4136841;Проезд № 1 от ул. Зорге до ул. Куусинена;1;у социально значимых объектах;no_odh_geometry_match
431;САО;"ГБУ ""Автомобильные дороги САО""";ул. Веры Волошиной;3476410;ул. Веры Волошиной;1;у социально значимых объектах;no_odh_geometry_match
432;САО;"ГБУ ""Автомобильные дороги САО""";4-й Ходынский;753913983;4-й Ходынский;1;у социально значимых объектах;odh_geometry_proxy
433;САО;"ГБУ ""Автомобильные дороги САО""";Проезд № 5 от ул. Зорге до ул. Куусинена;4136841;Проезд № 5 от ул. Зорге до ул. Куусинена;1;у социально значимых объектах;no_odh_geometry_match
434;САО;"ГБУ ""Жилищник Молжаниновского района """;Проезд и автостоянка у кладбища (Комсомольская улица);4136841;Проезд и автостоянка у кладбища (Комсомольская улица);1;у социально значимых объектах;no_odh_geometry_match
435;САО;"ГБУ ""Жилищник Молжаниновского района """;1-я Сестрорецкая улица;750996852;1-я Сестрорецкая улица;1;у социально значимых объектах;no_odh_geometry_match
