name;address;category;public_status;verification_status;osm_type;osm_id;latitude;longitude;official_evidence;yandex_maps_search;2gis_search;google_maps_search;note
Больница для детей с поражением ЦНС;Адрес уточняется в агрегаторах/официальном источнике;hospital;кандидат: московское государственное учреждение;требуется подтверждение по официальному сайту и агрегаторам;relation;6913092;55.8688777;37.5233555;"См. реестр/официальный сайт медицинской организации; автоматическая классификация не является подтверждением.";https://yandex.ru/maps/?text=%D0%91%D0%BE%D0%BB%D1%8C%D0%BD%D0%B8%D1%86%D0%B0%20%D0%B4%D0%BB%D1%8F%20%D0%B4%D0%B5%D1%82%D0%B5%D0%B9%20%D1%81%20%D0%BF%D0%BE%D1%80%D0%B0%D0%B6%D0%B5%D0%BD%D0%B8%D0%B5%D0%BC%20%D0%A6%D0%9D%D0%A1%2C%20%D0%90%D0%B4%D1%80%D0%B5%D1%81%20%D1%83%D1%82%D0%BE%D1%87%D0%BD%D1%8F%D0%B5%D1%82%D1%81%D1%8F%20%D0%B2%20%D0%B0%D0%B3%D1%80%D0%B5%D0%B3%D0%B0%D1%82%D0%BE%D1%80%D0%B0%D1%85/%D0%BE%D1%84%D0%B8%D1%86%D0%B8%D0%B0%D0%BB%D1%8C%D0%BD%D0%BE%D0%BC%20%D0%B8%D1%81%D1%82%D0%BE%D1%87%D0%BD%D0%B8%D0%BA%D0%B5%2C%20%D0%9C%D0%BE%D1%81%D0%BA%D0%B2%D0%B0;https://2gis.ru/moscow/search/%D0%91%D0%BE%D0%BB%D1%8C%D0%BD%D0%B8%D1%86%D0%B0%20%D0%B4%D0%BB%D1%8F%20%D0%B4%D0%B5%D1%82%D0%B5%D0%B9%20%D1%81%20%D0%BF%D0%BE%D1%80%D0%B0%D0%B6%D0%B5%D0%BD%D0%B8%D0%B5%D0%BC%20%D0%A6%D0%9D%D0%A1%2C%20%D0%90%D0%B4%D1%80%D0%B5%D1%81%20%D1%83%D1%82%D0%BE%D1%87%D0%BD%D1%8F%D0%B5%D1%82%D1%81%D1%8F%20%D0%B2%20%D0%B0%D0%B3%D1%80%D0%B5%D0%B3%D0%B0%D1%82%D0%BE%D1%80%D0%B0%D1%85/%D0%BE%D1%84%D0%B8%D1%86%D0%B8%D0%B0%D0%BB%D1%8C%D0%BD%D0%BE%D0%BC%20%D0%B8%D1%81%D1%82%D0%BE%D1%87%D0%BD%D0%B8%D0%BA%D0%B5%2C%20%D0%9C%D0%BE%D1%81%D0%BA%D0%B2%D0%B0;https://www.google.com/maps/search/?api=1&query=%D0%91%D0%BE%D0%BB%D1%8C%D0%BD%D0%B8%D1%86%D0%B0%20%D0%B4%D0%BB%D1%8F%20%D0%B4%D0%B5%D1%82%D0%B5%D0%B9%20%D1%81%20%D0%BF%D0%BE%D1%80%D0%B0%D0%B6%D0%B5%D0%BD%D0%B8%D0%B5%D0%BC%20%D0%A6%D0%9D%D0%A1%2C%20%D0%90%D0%B4%D1%80%D0%B5%D1%81%20%D1%83%D1%82%D0%BE%D1%87%D0%BD%D1%8F%D0%B5%D1%82%D1%81%D1%8F%20%D0%B2%20%D0%B0%D0%B3%D1%80%D0%B5%D0%B3%D0%B0%D1%82%D0%BE%D1%80%D0%B0%D1%85/%D0%BE%D1%84%D0%B8%D1%86%D0%B8%D0%B0%D0%BB%D1%8C%D0%BD%D0%BE%D0%BC%20%D0%B8%D1%81%D1%82%D0%BE%D1%87%D0%BD%D0%B8%D0%BA%D0%B5%2C%20%D0%9C%D0%BE%D1%81%D0%BA%D0%B2%D0%B0;"Источник координат: OpenStreetMap. Ссылки ведут к поиску в трёх агрегаторах; не означают автоматическое подтверждение карточки."
Больница № 50;улица Вучетича, 21;hospital;кандидат: московское государственное учреждение;требуется подтверждение по официальному сайту и агрегаторам;relation;12231190;55.8112969;37.5553122;"См. реестр/официальный сайт медицинской организации; автоматическая классификация не является подтверждением.";https://yandex.ru/maps/?text=%D0%91%D0%BE%D0%BB%D1%8C%D0%BD%D0%B8%D1%86%D0%B0%20%E2%84%96%2050%2C%20%D1%83%D0%BB%D0%B8%D1%86%D0%B0%20%D0%92%D1%83%D1%87%D0%B5%D1%82%D0%B8%D1%87%D0%B0%2C%2021%2C%20%D0%9C%D0%BE%D1%81%D0%BA%D0%B2%D0%B0;https://2gis.ru/moscow/search/%D0%91%D0%BE%D0%BB%D1%8C%D0%BD%D0%B8%D1%86%D0%B0%20%E2%84%96%2050%2C%20%D1%83%D0%BB%D0%B8%D1%86%D0%B0%20%D0%92%D1%83%D1%87%D0%B5%D1%82%D0%B8%D1%87%D0%B0%2C%2021%2C%20%D0%9C%D0%BE%D1%81%D0%BA%D0%B2%D0%B0;https://www.google.com/maps/search/?api=1&query=%D0%91%D0%BE%D0%BB%D1%8C%D0%BD%D0%B8%D1%86%D0%B0%20%E2%84%96%2050%2C%20%D1%83%D0%BB%D0%B8%D1%86%D0%B0%20%D0%92%D1%83%D1%87%D0%B5%D1%82%D0%B8%D1%87%D0%B0%2C%2021%2C%20%D0%9C%D0%BE%D1%81%D0%BA%D0%B2%D0%B0;"Источник координат: OpenStreetMap. Ссылки ведут к поиску в трёх агрегаторах; не означают автоматическое подтверждение карточки."
ГБУЗ ГП N45 ДЗМ Филиал N3 Поликлиника для взрослых;Адрес уточняется в агрегаторах/официальном источнике;clinic;кандидат: московское государственное учреждение;требуется подтверждение по официальному сайту и агрегаторам;way;1076569810;55.8669716;37.4734077;"См. реестр/официальный сайт медицинской организации; автоматическая классификация не является подтверждением.";https://yandex.ru/maps/?text=%D0%93%D0%91%D0%A3%D0%97%20%D0%93%D0%9F%20N45%20%D0%94%D0%97%D0%9C%20%D0%A4%D0%B8%D0%BB%D0%B8%D0%B0%D0%BB%20N3%20%D0%9F%D0%BE%D0%BB%D0%B8%D0%BA%D0%BB%D0%B8%D0%BD%D0%B8%D0%BA%D0%B0%20%D0%B4%D0%BB%D1%8F%20%D0%B2%D0%B7%D1%80%D0%BE%D1%81%D0%BB%D1%8B%D1%85%2C%20%D0%90%D0%B4%D1%80%D0%B5%D1%81%20%D1%83%D1%82%D0%BE%D1%87%D0%BD%D1%8F%D0%B5%D1%82%D1%81%D1%8F%20%D0%B2%20%D0%B0%D0%B3%D1%80%D0%B5%D0%B3%D0%B0%D1%82%D0%BE%D1%80%D0%B0%D1%85/%D0%BE%D1%84%D0%B8%D1%86%D0%B8%D0%B0%D0%BB%D1%8C%D0%BD%D0%BE%D0%BC%20%D0%B8%D1%81%D1%82%D0%BE%D1%87%D0%BD%D0%B8%D0%BA%D0%B5%2C%20%D0%9C%D0%BE%D1%81%D0%BA%D0%B2%D0%B0;https://2gis.ru/moscow/search/%D0%93%D0%91%D0%A3%D0%97%20%D0%93%D0%9F%20N45%20%D0%94%D0%97%D0%9C%20%D0%A4%D0%B8%D0%BB%D0%B8%D0%B0%D0%BB%20N3%20%D0%9F%D0%BE%D0%BB%D0%B8%D0%BA%D0%BB%D0%B8%D0%BD%D0%B8%D0%BA%D0%B0%20%D0%B4%D0%BB%D1%8F%20%D0%B2%D0%B7%D1%80%D0%BE%D1%81%D0%BB%D1%8B%D1%85%2C%20%D0%90%D0%B4%D1%80%D0%B5%D1%81%20%D1%83%D1%82%D0%BE%D1%87%D0%BD%D1%8F%D0%B5%D1%82%D1%81%D1%8F%20%D0%B2%20%D0%B0%D0%B3%D1%80%D0%B5%D0%B3%D0%B0%D1%82%D0%BE%D1%80%D0%B0%D1%85/%D0%BE%D1%84%D0%B8%D1%86%D0%B8%D0%B0%D0%BB%D1%8C%D0%BD%D0%BE%D0%BC%20%D0%B8%D1%81%D1%82%D0%BE%D1%87%D0%BD%D0%B8%D0%BA%D0%B5%2C%20%D0%9C%D0%BE%D1%81%D0%BA%D0%B2%D0%B0;https://www.google.com/maps/search/?api=1&query=%D0%93%D0%91%D0%A3%D0%97%20%D0%93%D0%9F%20N45%20%D0%94%D0%97%D0%9C%20%D0%A4%D0%B8%D0%BB%D0%B8%D0%B0%D0%BB%20N3%20%D0%9F%D0%BE%D0%BB%D0%B8%D0%BA%D0%BB%D0%B8%D0%BD%D0%B8%D0%BA%D0%B0%20%D0%B4%D0%BB%D1%8F%20%D0%B2%D0%B7%D1%80%D0%BE%D1%81%D0%BB%D1%8B%D1%85%2C%20%D0%90%D0%B4%D1%80%D0%B5%D1%81%20%D1%83%D1%82%D0%BE%D1%87%D0%BD%D1%8F%D0%B5%D1%82%D1%81%D1%8F%20%D0%B2%20%D0%B0%D0%B3%D1%80%D0%B5%D0%B3%D0%B0%D1%82%D0%BE%D1%80%D0%B0%D1%85/%D0%BE%D1%84%D0%B8%D1%86%D0%B8%D0%B0%D0%BB%D1%8C%D0%BD%D0%BE%D0%BC%20%D0%B8%D1%81%D1%82%D0%BE%D1%87%D0%BD%D0%B8%D0%BA%D0%B5%2C%20%D0%9C%D0%BE%D1%81%D0%BA%D0%B2%D0%B0;"Источник координат: OpenStreetMap. Ссылки ведут к поиску в трёх агрегаторах; не означают автоматическое подтверждение карточки."
ГБУЗ МНПЦДК ДЗМ филиал Тимирязевский;Новопетровская улица, 20;clinic;кандидат: московское государственное учреждение;требуется подтверждение по официальному сайту и агрегаторам;way;332494002;55.8281688;37.5273693;"См. реестр/официальный сайт медицинской организации; автоматическая классификация не является подтверждением.";https://yandex.ru/maps/?text=%D0%93%D0%91%D0%A3%D0%97%20%D0%9C%D0%9D%D0%9F%D0%A6%D0%94%D0%9A%20%D0%94%D0%97%D0%9C%20%D1%84%D0%B8%D0%BB%D0%B8%D0%B0%D0%BB%20%D0%A2%D0%B8%D0%BC%D0%B8%D1%80%D1%8F%D0%B7%D0%B5%D0%B2%D1%81%D0%BA%D0%B8%D0%B9%2C%20%D0%9D%D0%BE%D0%B2%D0%BE%D0%BF%D0%B5%D1%82%D1%80%D0%BE%D0%B2%D1%81%D0%BA%D0%B0%D1%8F%20%D1%83%D0%BB%D0%B8%D1%86%D0%B0%2C%2020%2C%20%D0%9C%D0%BE%D1%81%D0%BA%D0%B2%D0%B0;https://2gis.ru/moscow/search/%D0%93%D0%91%D0%A3%D0%97%20%D0%9C%D0%9D%D0%9F%D0%A6%D0%94%D0%9A%20%D0%94%D0%97%D0%9C%20%D1%84%D0%B8%D0%BB%D0%B8%D0%B0%D0%BB%20%D0%A2%D0%B8%D0%BC%D0%B8%D1%80%D1%8F%D0%B7%D0%B5%D0%B2%D1%81%D0%BA%D0%B8%D0%B9%2C%20%D0%9D%D0%BE%D0%B2%D0%BE%D0%BF%D0%B5%D1%82%D1%80%D0%BE%D0%B2%D1%81%D0%BA%D0%B0%D1%8F%20%D1%83%D0%BB%D0%B8%D1%86%D0%B0%2C%2020%2C%20%D0%9C%D0%BE%D1%81%D0%BA%D0%B2%D0%B0;https://www.google.com/maps/search/?api=1&query=%D0%93%D0%91%D0%A3%D0%97%20%D0%9C%D0%9D%D0%9F%D0%A6%D0%94%D0%9A%20%D0%94%D0%97%D0%9C%20%D1%84%D0%B8%D0%BB%D0%B8%D0%B0%D0%BB%20%D0%A2%D0%B8%D0%BC%D0%B8%D1%80%D1%8F%D0%B7%D0%B5%D0%B2%D1%81%D0%BA%D0%B8%D0%B9%2C%20%D0%9D%D0%BE%D0%B2%D0%BE%D0%BF%D0%B5%D1%82%D1%80%D0%BE%D0%B2%D1%81%D0%BA%D0%B0%D1%8F%20%D1%83%D0%BB%D0%B8%D1%86%D0%B0%2C%2020%2C%20%D0%9C%D0%BE%D1%81%D0%BA%D0%B2%D0%B0;"Источник координат: OpenStreetMap. Ссылки ведут к поиску в трёх агрегаторах; не означают автоматическое подтверждение карточки."
Городская клиническая больница им. В.В. Вересаева. ​Женская консультация № 10;Адрес уточняется в агрегаторах/официальном источнике;clinic;кандидат: московское государственное учреждение;требуется подтверждение по официальному сайту и агрегаторам;node;11371298791;55.9468809;37.3521477;"См. реестр/официальный сайт медицинской организации; автоматическая классификация не является подтверждением.";https://yandex.ru/maps/?text=%D0%93%D0%BE%D1%80%D0%BE%D0%B4%D1%81%D0%BA%D0%B0%D1%8F%20%D0%BA%D0%BB%D0%B8%D0%BD%D0%B8%D1%87%D0%B5%D1%81%D0%BA%D0%B0%D1%8F%20%D0%B1%D0%BE%D0%BB%D1%8C%D0%BD%D0%B8%D1%86%D0%B0%20%D0%B8%D0%BC.%20%D0%92.%D0%92.%20%D0%92%D0%B5%D1%80%D0%B5%D1%81%D0%B0%D0%B5%D0%B2%D0%B0.%20%E2%80%8B%D0%96%D0%B5%D0%BD%D1%81%D0%BA%D0%B0%D1%8F%20%D0%BA%D0%BE%D0%BD%D1%81%D1%83%D0%BB%D1%8C%D1%82%D0%B0%D1%86%D0%B8%D1%8F%20%E2%84%96%2010%2C%20%D0%90%D0%B4%D1%80%D0%B5%D1%81%20%D1%83%D1%82%D0%BE%D1%87%D0%BD%D1%8F%D0%B5%D1%82%D1%81%D1%8F%20%D0%B2%20%D0%B0%D0%B3%D1%80%D0%B5%D0%B3%D0%B0%D1%82%D0%BE%D1%80%D0%B0%D1%85/%D0%BE%D1%84%D0%B8%D1%86%D0%B8%D0%B0%D0%BB%D1%8C%D0%BD%D0%BE%D0%BC%20%D0%B8%D1%81%D1%82%D0%BE%D1%87%D0%BD%D0%B8%D0%BA%D0%B5%2C%20%D0%9C%D0%BE%D1%81%D0%BA%D0%B2%D0%B0;https://2gis.ru/moscow/search/%D0%93%D0%BE%D1%80%D0%BE%D0%B4%D1%81%D0%BA%D0%B0%D1%8F%20%D0%BA%D0%BB%D0%B8%D0%BD%D0%B8%D1%87%D0%B5%D1%81%D0%BA%D0%B0%D1%8F%20%D0%B1%D0%BE%D0%BB%D1%8C%D0%BD%D0%B8%D1%86%D0%B0%20%D0%B8%D0%BC.%20%D0%92.%D0%92.%20%D0%92%D0%B5%D1%80%D0%B5%D1%81%D0%B0%D0%B5%D0%B2%D0%B0.%20%E2%80%8B%D0%96%D0%B5%D0%BD%D1%81%D0%BA%D0%B0%D1%8F%20%D0%BA%D0%BE%D0%BD%D1%81%D1%83%D0%BB%D1%8C%D1%82%D0%B0%D1%86%D0%B8%D1%8F%20%E2%84%96%2010%2C%20%D0%90%D0%B4%D1%80%D0%B5%D1%81%20%D1%83%D1%82%D0%BE%D1%87%D0%BD%D1%8F%D0%B5%D1%82%D1%81%D1%8F%20%D0%B2%20%D0%B0%D0%B3%D1%80%D0%B5%D0%B3%D0%B0%D1%82%D0%BE%D1%80%D0%B0%D1%85/%D0%BE%D1%84%D0%B8%D1%86%D0%B8%D0%B0%D0%BB%D1%8C%D0%BD%D0%BE%D0%BC%20%D0%B8%D1%81%D1%82%D0%BE%D1%87%D0%BD%D0%B8%D0%BA%D0%B5%2C%20%D0%9C%D0%BE%D1%81%D0%BA%D0%B2%D0%B0;https://www.google.com/maps/search/?api=1&query=%D0%93%D0%BE%D1%80%D0%BE%D0%B4%D1%81%D0%BA%D0%B0%D1%8F%20%D0%BA%D0%BB%D0%B8%D0%BD%D0%B8%D1%87%D0%B5%D1%81%D0%BA%D0%B0%D1%8F%20%D0%B1%D0%BE%D0%BB%D1%8C%D0%BD%D0%B8%D1%86%D0%B0%20%D0%B8%D0%BC.%20%D0%92.%D0%92.%20%D0%92%D0%B5%D1%80%D0%B5%D1%81%D0%B0%D0%B5%D0%B2%D0%B0.%20%E2%80%8B%D0%96%D0%B5%D0%BD%D1%81%D0%BA%D0%B0%D1%8F%20%D0%BA%D0%BE%D0%BD%D1%81%D1%83%D0%BB%D1%8C%D1%82%D0%B0%D1%86%D0%B8%D1%8F%20%E2%84%96%2010%2C%20%D0%90%D0%B4%D1%80%D0%B5%D1%81%20%D1%83%D1%82%D0%BE%D1%87%D0%BD%D1%8F%D0%B5%D1%82%D1%81%D1%8F%20%D0%B2%20%D0%B0%D0%B3%D1%80%D0%B5%D0%B3%D0%B0%D1%82%D0%BE%D1%80%D0%B0%D1%85/%D0%BE%D1%84%D0%B8%D1%86%D0%B8%D0%B0%D0%BB%D1%8C%D0%BD%D0%BE%D0%BC%20%D0%B8%D1%81%D1%82%D0%BE%D1%87%D0%BD%D0%B8%D0%BA%D0%B5%2C%20%D0%9C%D0%BE%D1%81%D0%BA%D0%B2%D0%B0;"Источник координат: OpenStreetMap. Ссылки ведут к поиску в трёх агрегаторах; не означают автоматическое подтверждение карточки."
Городская клиническая больница имени С. П. Боткина;Адрес уточняется в агрегаторах/официальном источнике;hospital;кандидат: московское государственное учреждение;требуется подтверждение по официальному сайту и агрегаторам;relation;1788150;55.7805071;37.5510155;"См. реестр/официальный сайт медицинской организации; автоматическая классификация не является подтверждением.";https://yandex.ru/maps/?text=%D0%93%D0%BE%D1%80%D0%BE%D0%B4%D1%81%D0%BA%D0%B0%D1%8F%20%D0%BA%D0%BB%D0%B8%D0%BD%D0%B8%D1%87%D0%B5%D1%81%D0%BA%D0%B0%D1%8F%20%D0%B1%D0%BE%D0%BB%D1%8C%D0%BD%D0%B8%D1%86%D0%B0%20%D0%B8%D0%BC%D0%B5%D0%BD%D0%B8%20%D0%A1.%20%D0%9F.%20%D0%91%D0%BE%D1%82%D0%BA%D0%B8%D0%BD%D0%B0%2C%20%D0%90%D0%B4%D1%80%D0%B5%D1%81%20%D1%83%D1%82%D0%BE%D1%87%D0%BD%D1%8F%D0%B5%D1%82%D1%81%D1%8F%20%D0%B2%20%D0%B0%D0%B3%D1%80%D0%B5%D0%B3%D0%B0%D1%82%D0%BE%D1%80%D0%B0%D1%85/%D0%BE%D1%84%D0%B8%D1%86%D0%B8%D0%B0%D0%BB%D1%8C%D0%BD%D0%BE%D0%BC%20%D0%B8%D1%81%D1%82%D0%BE%D1%87%D0%BD%D0%B8%D0%BA%D0%B5%2C%20%D0%9C%D0%BE%D1%81%D0%BA%D0%B2%D0%B0;https://2gis.ru/moscow/search/%D0%93%D0%BE%D1%80%D0%BE%D0%B4%D1%81%D0%BA%D0%B0%D1%8F%20%D0%BA%D0%BB%D0%B8%D0%BD%D0%B8%D1%87%D0%B5%D1%81%D0%BA%D0%B0%D1%8F%20%D0%B1%D0%BE%D0%BB%D1%8C%D0%BD%D0%B8%D1%86%D0%B0%20%D0%B8%D0%BC%D0%B5%D0%BD%D0%B8%20%D0%A1.%20%D0%9F.%20%D0%91%D0%BE%D1%82%D0%BA%D0%B8%D0%BD%D0%B0%2C%20%D0%90%D0%B4%D1%80%D0%B5%D1%81%20%D1%83%D1%82%D0%BE%D1%87%D0%BD%D1%8F%D0%B5%D1%82%D1%81%D1%8F%20%D0%B2%20%D0%B0%D0%B3%D1%80%D0%B5%D0%B3%D0%B0%D1%82%D0%BE%D1%80%D0%B0%D1%85/%D0%BE%D1%84%D0%B8%D1%86%D0%B8%D0%B0%D0%BB%D1%8C%D0%BD%D0%BE%D0%BC%20%D0%B8%D1%81%D1%82%D0%BE%D1%87%D0%BD%D0%B8%D0%BA%D0%B5%2C%20%D0%9C%D0%BE%D1%81%D0%BA%D0%B2%D0%B0;https://www.google.com/maps/search/?api=1&query=%D0%93%D0%BE%D1%80%D0%BE%D0%B4%D1%81%D0%BA%D0%B0%D1%8F%20%D0%BA%D0%BB%D0%B8%D0%BD%D0%B8%D1%87%D0%B5%D1%81%D0%BA%D0%B0%D1%8F%20%D0%B1%D0%BE%D0%BB%D1%8C%D0%BD%D0%B8%D1%86%D0%B0%20%D0%B8%D0%BC%D0%B5%D0%BD%D0%B8%20%D0%A1.%20%D0%9F.%20%D0%91%D0%BE%D1%82%D0%BA%D0%B8%D0%BD%D0%B0%2C%20%D0%90%D0%B4%D1%80%D0%B5%D1%81%20%D1%83%D1%82%D0%BE%D1%87%D0%BD%D1%8F%D0%B5%D1%82%D1%81%D1%8F%20%D0%B2%20%D0%B0%D0%B3%D1%80%D0%B5%D0%B3%D0%B0%D1%82%D0%BE%D1%80%D0%B0%D1%85/%D0%BE%D1%84%D0%B8%D1%86%D0%B8%D0%B0%D0%BB%D1%8C%D0%BD%D0%BE%D0%BC%20%D0%B8%D1%81%D1%82%D0%BE%D1%87%D0%BD%D0%B8%D0%BA%D0%B5%2C%20%D0%9C%D0%BE%D1%81%D0%BA%D0%B2%D0%B0;"Источник координат: OpenStreetMap. Ссылки ведут к поиску в трёх агрегаторах; не означают автоматическое подтверждение карточки."
Городская клиническая больница № 24;Адрес уточняется в агрегаторах/официальном источнике;hospital;кандидат: московское государственное учреждение;требуется подтверждение по официальному сайту и агрегаторам;relation;7283098;55.7989115;37.5791871;"См. реестр/официальный сайт медицинской организации; автоматическая классификация не является подтверждением.";https://yandex.ru/maps/?text=%D0%93%D0%BE%D1%80%D0%BE%D0%B4%D1%81%D0%BA%D0%B0%D1%8F%20%D0%BA%D0%BB%D0%B8%D0%BD%D0%B8%D1%87%D0%B5%D1%81%D0%BA%D0%B0%D1%8F%20%D0%B1%D0%BE%D0%BB%D1%8C%D0%BD%D0%B8%D1%86%D0%B0%20%E2%84%96%2024%2C%20%D0%90%D0%B4%D1%80%D0%B5%D1%81%20%D1%83%D1%82%D0%BE%D1%87%D0%BD%D1%8F%D0%B5%D1%82%D1%81%D1%8F%20%D0%B2%20%D0%B0%D0%B3%D1%80%D0%B5%D0%B3%D0%B0%D1%82%D0%BE%D1%80%D0%B0%D1%85/%D0%BE%D1%84%D0%B8%D1%86%D0%B8%D0%B0%D0%BB%D1%8C%D0%BD%D0%BE%D0%BC%20%D0%B8%D1%81%D1%82%D0%BE%D1%87%D0%BD%D0%B8%D0%BA%D0%B5%2C%20%D0%9C%D0%BE%D1%81%D0%BA%D0%B2%D0%B0;https://2gis.ru/moscow/search/%D0%93%D0%BE%D1%80%D0%BE%D0%B4%D1%81%D0%BA%D0%B0%D1%8F%20%D0%BA%D0%BB%D0%B8%D0%BD%D0%B8%D1%87%D0%B5%D1%81%D0%BA%D0%B0%D1%8F%20%D0%B1%D0%BE%D0%BB%D1%8C%D0%BD%D0%B8%D1%86%D0%B0%20%E2%84%96%2024%2C%20%D0%90%D0%B4%D1%80%D0%B5%D1%81%20%D1%83%D1%82%D0%BE%D1%87%D0%BD%D1%8F%D0%B5%D1%82%D1%81%D1%8F%20%D0%B2%20%D0%B0%D0%B3%D1%80%D0%B5%D0%B3%D0%B0%D1%82%D0%BE%D1%80%D0%B0%D1%85/%D0%BE%D1%84%D0%B8%D1%86%D0%B8%D0%B0%D0%BB%D1%8C%D0%BD%D0%BE%D0%BC%20%D0%B8%D1%81%D1%82%D0%BE%D1%87%D0%BD%D0%B8%D0%BA%D0%B5%2C%20%D0%9C%D0%BE%D1%81%D0%BA%D0%B2%D0%B0;https://www.google.com/maps/search/?api=1&query=%D0%93%D0%BE%D1%80%D0%BE%D0%B4%D1%81%D0%BA%D0%B0%D1%8F%20%D0%BA%D0%BB%D0%B8%D0%BD%D0%B8%D1%87%D0%B5%D1%81%D0%BA%D0%B0%D1%8F%20%D0%B1%D0%BE%D0%BB%D1%8C%D0%BD%D0%B8%D1%86%D0%B0%20%E2%84%96%2024%2C%20%D0%90%D0%B4%D1%80%D0%B5%D1%81%20%D1%83%D1%82%D0%BE%D1%87%D0%BD%D1%8F%D0%B5%D1%82%D1%81%D1%8F%20%D0%B2%20%D0%B0%D0%B3%D1%80%D0%B5%D0%B3%D0%B0%D1%82%D0%BE%D1%80%D0%B0%D1%85/%D0%BE%D1%84%D0%B8%D1%86%D0%B8%D0%B0%D0%BB%D1%8C%D0%BD%D0%BE%D0%BC%20%D0%B8%D1%81%D1%82%D0%BE%D1%87%D0%BD%D0%B8%D0%BA%D0%B5%2C%20%D0%9C%D0%BE%D1%81%D0%BA%D0%B2%D0%B0;"Источник координат: OpenStreetMap. Ссылки ведут к поиску в трёх агрегаторах; не означают автоматическое подтверждение карточки."
Городская клиническая больница № 24. Перинатальный центр;4-й Вятский переулок, 39;hospital;кандидат: московское государственное учреждение;требуется подтверждение по официальному сайту и агрегаторам;relation;11327387;55.7996842;37.5688658;"См. реестр/официальный сайт медицинской организации; автоматическая классификация не является подтверждением.";https://yandex.ru/maps/?text=%D0%93%D0%BE%D1%80%D0%BE%D0%B4%D1%81%D0%BA%D0%B0%D1%8F%20%D0%BA%D0%BB%D0%B8%D0%BD%D0%B8%D1%87%D0%B5%D1%81%D0%BA%D0%B0%D1%8F%20%D0%B1%D0%BE%D0%BB%D1%8C%D0%BD%D0%B8%D1%86%D0%B0%20%E2%84%96%2024.%20%D0%9F%D0%B5%D1%80%D0%B8%D0%BD%D0%B0%D1%82%D0%B0%D0%BB%D1%8C%D0%BD%D1%8B%D0%B9%20%D1%86%D0%B5%D0%BD%D1%82%D1%80%2C%204-%D0%B9%20%D0%92%D1%8F%D1%82%D1%81%D0%BA%D0%B8%D0%B9%20%D0%BF%D0%B5%D1%80%D0%B5%D1%83%D0%BB%D0%BE%D0%BA%2C%2039%2C%20%D0%9C%D0%BE%D1%81%D0%BA%D0%B2%D0%B0;https://2gis.ru/moscow/search/%D0%93%D0%BE%D1%80%D0%BE%D0%B4%D1%81%D0%BA%D0%B0%D1%8F%20%D0%BA%D0%BB%D0%B8%D0%BD%D0%B8%D1%87%D0%B5%D1%81%D0%BA%D0%B0%D1%8F%20%D0%B1%D0%BE%D0%BB%D1%8C%D0%BD%D0%B8%D1%86%D0%B0%20%E2%84%96%2024.%20%D0%9F%D0%B5%D1%80%D0%B8%D0%BD%D0%B0%D1%82%D0%B0%D0%BB%D1%8C%D0%BD%D1%8B%D0%B9%20%D1%86%D0%B5%D0%BD%D1%82%D1%80%2C%204-%D0%B9%20%D0%92%D1%8F%D1%82%D1%81%D0%BA%D0%B8%D0%B9%20%D0%BF%D0%B5%D1%80%D0%B5%D1%83%D0%BB%D0%BE%D0%BA%2C%2039%2C%20%D0%9C%D0%BE%D1%81%D0%BA%D0%B2%D0%B0;https://www.google.com/maps/search/?api=1&query=%D0%93%D0%BE%D1%80%D0%BE%D0%B4%D1%81%D0%BA%D0%B0%D1%8F%20%D0%BA%D0%BB%D0%B8%D0%BD%D0%B8%D1%87%D0%B5%D1%81%D0%BA%D0%B0%D1%8F%20%D0%B1%D0%BE%D0%BB%D1%8C%D0%BD%D0%B8%D1%86%D0%B0%20%E2%84%96%2024.%20%D0%9F%D0%B5%D1%80%D0%B8%D0%BD%D0%B0%D1%82%D0%B0%D0%BB%D1%8C%D0%BD%D1%8B%D0%B9%20%D1%86%D0%B5%D0%BD%D1%82%D1%80%2C%204-%D0%B9%20%D0%92%D1%8F%D1%82%D1%81%D0%BA%D0%B8%D0%B9%20%D0%BF%D0%B5%D1%80%D0%B5%D1%83%D0%BB%D0%BE%D0%BA%2C%2039%2C%20%D0%9C%D0%BE%D1%81%D0%BA%D0%B2%D0%B0;"Источник координат: OpenStreetMap. Ссылки ведут к поиску в трёх агрегаторах; не означают автоматическое подтверждение карточки."
Городская поликлиника № 45. Филиал № 6;Адрес уточняется в агрегаторах/официальном источнике;clinic;кандидат: московское государственное учреждение;требуется подтверждение по официальному сайту и агрегаторам;node;11371298792;55.9466977;37.3519921;"См. реестр/официальный сайт медицинской организации; автоматическая классификация не является подтверждением.";https://yandex.ru/maps/?text=%D0%93%D0%BE%D1%80%D0%BE%D0%B4%D1%81%D0%BA%D0%B0%D1%8F%20%D0%BF%D0%BE%D0%BB%D0%B8%D0%BA%D0%BB%D0%B8%D0%BD%D0%B8%D0%BA%D0%B0%20%E2%84%96%2045.%20%D0%A4%D0%B8%D0%BB%D0%B8%D0%B0%D0%BB%20%E2%84%96%206%2C%20%D0%90%D0%B4%D1%80%D0%B5%D1%81%20%D1%83%D1%82%D0%BE%D1%87%D0%BD%D1%8F%D0%B5%D1%82%D1%81%D1%8F%20%D0%B2%20%D0%B0%D0%B3%D1%80%D0%B5%D0%B3%D0%B0%D1%82%D0%BE%D1%80%D0%B0%D1%85/%D0%BE%D1%84%D0%B8%D1%86%D0%B8%D0%B0%D0%BB%D1%8C%D0%BD%D0%BE%D0%BC%20%D0%B8%D1%81%D1%82%D0%BE%D1%87%D0%BD%D0%B8%D0%BA%D0%B5%2C%20%D0%9C%D0%BE%D1%81%D0%BA%D0%B2%D0%B0;https://2gis.ru/moscow/search/%D0%93%D0%BE%D1%80%D0%BE%D0%B4%D1%81%D0%BA%D0%B0%D1%8F%20%D0%BF%D0%BE%D0%BB%D0%B8%D0%BA%D0%BB%D0%B8%D0%BD%D0%B8%D0%BA%D0%B0%20%E2%84%96%2045.%20%D0%A4%D0%B8%D0%BB%D0%B8%D0%B0%D0%BB%20%E2%84%96%206%2C%20%D0%90%D0%B4%D1%80%D0%B5%D1%81%20%D1%83%D1%82%D0%BE%D1%87%D0%BD%D1%8F%D0%B5%D1%82%D1%81%D1%8F%20%D0%B2%20%D0%B0%D0%B3%D1%80%D0%B5%D0%B3%D0%B0%D1%82%D0%BE%D1%80%D0%B0%D1%85/%D0%BE%D1%84%D0%B8%D1%86%D0%B8%D0%B0%D0%BB%D1%8C%D0%BD%D0%BE%D0%BC%20%D0%B8%D1%81%D1%82%D0%BE%D1%87%D0%BD%D0%B8%D0%BA%D0%B5%2C%20%D0%9C%D0%BE%D1%81%D0%BA%D0%B2%D0%B0;https://www.google.com/maps/search/?api=1&query=%D0%93%D0%BE%D1%80%D0%BE%D0%B4%D1%81%D0%BA%D0%B0%D1%8F%20%D0%BF%D0%BE%D0%BB%D0%B8%D0%BA%D0%BB%D0%B8%D0%BD%D0%B8%D0%BA%D0%B0%20%E2%84%96%2045.%20%D0%A4%D0%B8%D0%BB%D0%B8%D0%B0%D0%BB%20%E2%84%96%206%2C%20%D0%90%D0%B4%D1%80%D0%B5%D1%81%20%D1%83%D1%82%D0%BE%D1%87%D0%BD%D1%8F%D0%B5%D1%82%D1%81%D1%8F%20%D0%B2%20%D0%B0%D0%B3%D1%80%D0%B5%D0%B3%D0%B0%D1%82%D0%BE%D1%80%D0%B0%D1%85/%D0%BE%D1%84%D0%B8%D1%86%D0%B8%D0%B0%D0%BB%D1%8C%D0%BD%D0%BE%D0%BC%20%D0%B8%D1%81%D1%82%D0%BE%D1%87%D0%BD%D0%B8%D0%BA%D0%B5%2C%20%D0%9C%D0%BE%D1%81%D0%BA%D0%B2%D0%B0;"Источник координат: OpenStreetMap. Ссылки ведут к поиску в трёх агрегаторах; не означают автоматическое подтверждение карточки."
Городская поликлиника № 6. Филиал №3;Адрес уточняется в агрегаторах/официальном источнике;clinic;кандидат: московское государственное учреждение;требуется подтверждение по официальному сайту и агрегаторам;way;1257238838;55.8398256;37.5424853;"См. реестр/официальный сайт медицинской организации; автоматическая классификация не является подтверждением.";https://yandex.ru/maps/?text=%D0%93%D0%BE%D1%80%D0%BE%D0%B4%D1%81%D0%BA%D0%B0%D1%8F%20%D0%BF%D0%BE%D0%BB%D0%B8%D0%BA%D0%BB%D0%B8%D0%BD%D0%B8%D0%BA%D0%B0%20%E2%84%96%206.%20%D0%A4%D0%B8%D0%BB%D0%B8%D0%B0%D0%BB%20%E2%84%963%2C%20%D0%90%D0%B4%D1%80%D0%B5%D1%81%20%D1%83%D1%82%D0%BE%D1%87%D0%BD%D1%8F%D0%B5%D1%82%D1%81%D1%8F%20%D0%B2%20%D0%B0%D0%B3%D1%80%D0%B5%D0%B3%D0%B0%D1%82%D0%BE%D1%80%D0%B0%D1%85/%D0%BE%D1%84%D0%B8%D1%86%D0%B8%D0%B0%D0%BB%D1%8C%D0%BD%D0%BE%D0%BC%20%D0%B8%D1%81%D1%82%D0%BE%D1%87%D0%BD%D0%B8%D0%BA%D0%B5%2C%20%D0%9C%D0%BE%D1%81%D0%BA%D0%B2%D0%B0;https://2gis.ru/moscow/search/%D0%93%D0%BE%D1%80%D0%BE%D0%B4%D1%81%D0%BA%D0%B0%D1%8F%20%D0%BF%D0%BE%D0%BB%D0%B8%D0%BA%D0%BB%D0%B8%D0%BD%D0%B8%D0%BA%D0%B0%20%E2%84%96%206.%20%D0%A4%D0%B8%D0%BB%D0%B8%D0%B0%D0%BB%20%E2%84%963%2C%20%D0%90%D0%B4%D1%80%D0%B5%D1%81%20%D1%83%D1%82%D0%BE%D1%87%D0%BD%D1%8F%D0%B5%D1%82%D1%81%D1%8F%20%D0%B2%20%D0%B0%D0%B3%D1%80%D0%B5%D0%B3%D0%B0%D1%82%D0%BE%D1%80%D0%B0%D1%85/%D0%BE%D1%84%D0%B8%D1%86%D0%B8%D0%B0%D0%BB%D1%8C%D0%BD%D0%BE%D0%BC%20%D0%B8%D1%81%D1%82%D0%BE%D1%87%D0%BD%D0%B8%D0%BA%D0%B5%2C%20%D0%9C%D0%BE%D1%81%D0%BA%D0%B2%D0%B0;https://www.google.com/maps/search/?api=1&query=%D0%93%D0%BE%D1%80%D0%BE%D0%B4%D1%81%D0%BA%D0%B0%D1%8F%20%D0%BF%D0%BE%D0%BB%D0%B8%D0%BA%D0%BB%D0%B8%D0%BD%D0%B8%D0%BA%D0%B0%20%E2%84%96%206.%20%D0%A4%D0%B8%D0%BB%D0%B8%D0%B0%D0%BB%20%E2%84%963%2C%20%D0%90%D0%B4%D1%80%D0%B5%D1%81%20%D1%83%D1%82%D0%BE%D1%87%D0%BD%D1%8F%D0%B5%D1%82%D1%81%D1%8F%20%D0%B2%20%D0%B0%D0%B3%D1%80%D0%B5%D0%B3%D0%B0%D1%82%D0%BE%D1%80%D0%B0%D1%85/%D0%BE%D1%84%D0%B8%D1%86%D0%B8%D0%B0%D0%BB%D1%8C%D0%BD%D0%BE%D0%BC%20%D0%B8%D1%81%D1%82%D0%BE%D1%87%D0%BD%D0%B8%D0%BA%D0%B5%2C%20%D0%9C%D0%BE%D1%81%D0%BA%D0%B2%D0%B0;"Источник координат: OpenStreetMap. Ссылки ведут к поиску в трёх агрегаторах; не означают автоматическое подтверждение карточки."
Городская поликлиника № 62 филиал № 5;Адрес уточняется в агрегаторах/официальном источнике;clinic;кандидат: московское государственное учреждение;требуется подтверждение по официальному сайту и агрегаторам;relation;10918095;55.8040939;37.5425075;"См. реестр/официальный сайт медицинской организации; автоматическая классификация не является подтверждением.";https://yandex.ru/maps/?text=%D0%93%D0%BE%D1%80%D0%BE%D0%B4%D1%81%D0%BA%D0%B0%D1%8F%20%D0%BF%D0%BE%D0%BB%D0%B8%D0%BA%D0%BB%D0%B8%D0%BD%D0%B8%D0%BA%D0%B0%20%E2%84%96%2062%20%D1%84%D0%B8%D0%BB%D0%B8%D0%B0%D0%BB%20%E2%84%96%205%2C%20%D0%90%D0%B4%D1%80%D0%B5%D1%81%20%D1%83%D1%82%D0%BE%D1%87%D0%BD%D1%8F%D0%B5%D1%82%D1%81%D1%8F%20%D0%B2%20%D0%B0%D0%B3%D1%80%D0%B5%D0%B3%D0%B0%D1%82%D0%BE%D1%80%D0%B0%D1%85/%D0%BE%D1%84%D0%B8%D1%86%D0%B8%D0%B0%D0%BB%D1%8C%D0%BD%D0%BE%D0%BC%20%D0%B8%D1%81%D1%82%D0%BE%D1%87%D0%BD%D0%B8%D0%BA%D0%B5%2C%20%D0%9C%D0%BE%D1%81%D0%BA%D0%B2%D0%B0;https://2gis.ru/moscow/search/%D0%93%D0%BE%D1%80%D0%BE%D0%B4%D1%81%D0%BA%D0%B0%D1%8F%20%D0%BF%D0%BE%D0%BB%D0%B8%D0%BA%D0%BB%D0%B8%D0%BD%D0%B8%D0%BA%D0%B0%20%E2%84%96%2062%20%D1%84%D0%B8%D0%BB%D0%B8%D0%B0%D0%BB%20%E2%84%96%205%2C%20%D0%90%D0%B4%D1%80%D0%B5%D1%81%20%D1%83%D1%82%D0%BE%D1%87%D0%BD%D1%8F%D0%B5%D1%82%D1%81%D1%8F%20%D0%B2%20%D0%B0%D0%B3%D1%80%D0%B5%D0%B3%D0%B0%D1%82%D0%BE%D1%80%D0%B0%D1%85/%D0%BE%D1%84%D0%B8%D1%86%D0%B8%D0%B0%D0%BB%D1%8C%D0%BD%D0%BE%D0%BC%20%D0%B8%D1%81%D1%82%D0%BE%D1%87%D0%BD%D0%B8%D0%BA%D0%B5%2C%20%D0%9C%D0%BE%D1%81%D0%BA%D0%B2%D0%B0;https://www.google.com/maps/search/?api=1&query=%D0%93%D0%BE%D1%80%D0%BE%D0%B4%D1%81%D0%BA%D0%B0%D1%8F%20%D0%BF%D0%BE%D0%BB%D0%B8%D0%BA%D0%BB%D0%B8%D0%BD%D0%B8%D0%BA%D0%B0%20%E2%84%96%2062%20%D1%84%D0%B8%D0%BB%D0%B8%D0%B0%D0%BB%20%E2%84%96%205%2C%20%D0%90%D0%B4%D1%80%D0%B5%D1%81%20%D1%83%D1%82%D0%BE%D1%87%D0%BD%D1%8F%D0%B5%D1%82%D1%81%D1%8F%20%D0%B2%20%D0%B0%D0%B3%D1%80%D0%B5%D0%B3%D0%B0%D1%82%D0%BE%D1%80%D0%B0%D1%85/%D0%BE%D1%84%D0%B8%D1%86%D0%B8%D0%B0%D0%BB%D1%8C%D0%BD%D0%BE%D0%BC%20%D0%B8%D1%81%D1%82%D0%BE%D1%87%D0%BD%D0%B8%D0%BA%D0%B5%2C%20%D0%9C%D0%BE%D1%81%D0%BA%D0%B2%D0%B0;"Источник координат: OpenStreetMap. Ссылки ведут к поиску в трёх агрегаторах; не означают автоматическое подтверждение карточки."
Городская поликлиника № 62, филиал № 1;Адрес уточняется в агрегаторах/официальном источнике;clinic;кандидат: московское государственное учреждение;требуется подтверждение по официальному сайту и агрегаторам;relation;8331323;55.8020142;37.5192944;"См. реестр/официальный сайт медицинской организации; автоматическая классификация не является подтверждением.";https://yandex.ru/maps/?text=%D0%93%D0%BE%D1%80%D0%BE%D0%B4%D1%81%D0%BA%D0%B0%D1%8F%20%D0%BF%D0%BE%D0%BB%D0%B8%D0%BA%D0%BB%D0%B8%D0%BD%D0%B8%D0%BA%D0%B0%20%E2%84%96%2062%2C%20%D1%84%D0%B8%D0%BB%D0%B8%D0%B0%D0%BB%20%E2%84%96%201%2C%20%D0%90%D0%B4%D1%80%D0%B5%D1%81%20%D1%83%D1%82%D0%BE%D1%87%D0%BD%D1%8F%D0%B5%D1%82%D1%81%D1%8F%20%D0%B2%20%D0%B0%D0%B3%D1%80%D0%B5%D0%B3%D0%B0%D1%82%D0%BE%D1%80%D0%B0%D1%85/%D0%BE%D1%84%D0%B8%D1%86%D0%B8%D0%B0%D0%BB%D1%8C%D0%BD%D0%BE%D0%BC%20%D0%B8%D1%81%D1%82%D0%BE%D1%87%D0%BD%D0%B8%D0%BA%D0%B5%2C%20%D0%9C%D0%BE%D1%81%D0%BA%D0%B2%D0%B0;https://2gis.ru/moscow/search/%D0%93%D0%BE%D1%80%D0%BE%D0%B4%D1%81%D0%BA%D0%B0%D1%8F%20%D0%BF%D0%BE%D0%BB%D0%B8%D0%BA%D0%BB%D0%B8%D0%BD%D0%B8%D0%BA%D0%B0%20%E2%84%96%2062%2C%20%D1%84%D0%B8%D0%BB%D0%B8%D0%B0%D0%BB%20%E2%84%96%201%2C%20%D0%90%D0%B4%D1%80%D0%B5%D1%81%20%D1%83%D1%82%D0%BE%D1%87%D0%BD%D1%8F%D0%B5%D1%82%D1%81%D1%8F%20%D0%B2%20%D0%B0%D0%B3%D1%80%D0%B5%D0%B3%D0%B0%D1%82%D0%BE%D1%80%D0%B0%D1%85/%D0%BE%D1%84%D0%B8%D1%86%D0%B8%D0%B0%D0%BB%D1%8C%D0%BD%D0%BE%D0%BC%20%D0%B8%D1%81%D1%82%D0%BE%D1%87%D0%BD%D0%B8%D0%BA%D0%B5%2C%20%D0%9C%D0%BE%D1%81%D0%BA%D0%B2%D0%B0;https://www.google.com/maps/search/?api=1&query=%D0%93%D0%BE%D1%80%D0%BE%D0%B4%D1%81%D0%BA%D0%B0%D1%8F%20%D0%BF%D0%BE%D0%BB%D0%B8%D0%BA%D0%BB%D0%B8%D0%BD%D0%B8%D0%BA%D0%B0%20%E2%84%96%2062%2C%20%D1%84%D0%B8%D0%BB%D0%B8%D0%B0%D0%BB%20%E2%84%96%201%2C%20%D0%90%D0%B4%D1%80%D0%B5%D1%81%20%D1%83%D1%82%D0%BE%D1%87%D0%BD%D1%8F%D0%B5%D1%82%D1%81%D1%8F%20%D0%B2%20%D0%B0%D0%B3%D1%80%D0%B5%D0%B3%D0%B0%D1%82%D0%BE%D1%80%D0%B0%D1%85/%D0%BE%D1%84%D0%B8%D1%86%D0%B8%D0%B0%D0%BB%D1%8C%D0%BD%D0%BE%D0%BC%20%D0%B8%D1%81%D1%82%D0%BE%D1%87%D0%BD%D0%B8%D0%BA%D0%B5%2C%20%D0%9C%D0%BE%D1%81%D0%BA%D0%B2%D0%B0;"Источник координат: OpenStreetMap. Ссылки ведут к поиску в трёх агрегаторах; не означают автоматическое подтверждение карточки."
Городская поликлиника № 62, филиал № 4;Адрес уточняется в агрегаторах/официальном источнике;clinic;кандидат: московское государственное учреждение;требуется подтверждение по официальному сайту и агрегаторам;node;4646515591;55.7819495;37.5845854;"См. реестр/официальный сайт медицинской организации; автоматическая классификация не является подтверждением.";https://yandex.ru/maps/?text=%D0%93%D0%BE%D1%80%D0%BE%D0%B4%D1%81%D0%BA%D0%B0%D1%8F%20%D0%BF%D0%BE%D0%BB%D0%B8%D0%BA%D0%BB%D0%B8%D0%BD%D0%B8%D0%BA%D0%B0%20%E2%84%96%2062%2C%20%D1%84%D0%B8%D0%BB%D0%B8%D0%B0%D0%BB%20%E2%84%96%204%2C%20%D0%90%D0%B4%D1%80%D0%B5%D1%81%20%D1%83%D1%82%D0%BE%D1%87%D0%BD%D1%8F%D0%B5%D1%82%D1%81%D1%8F%20%D0%B2%20%D0%B0%D0%B3%D1%80%D0%B5%D0%B3%D0%B0%D1%82%D0%BE%D1%80%D0%B0%D1%85/%D0%BE%D1%84%D0%B8%D1%86%D0%B8%D0%B0%D0%BB%D1%8C%D0%BD%D0%BE%D0%BC%20%D0%B8%D1%81%D1%82%D0%BE%D1%87%D0%BD%D0%B8%D0%BA%D0%B5%2C%20%D0%9C%D0%BE%D1%81%D0%BA%D0%B2%D0%B0;https://2gis.ru/moscow/search/%D0%93%D0%BE%D1%80%D0%BE%D0%B4%D1%81%D0%BA%D0%B0%D1%8F%20%D0%BF%D0%BE%D0%BB%D0%B8%D0%BA%D0%BB%D0%B8%D0%BD%D0%B8%D0%BA%D0%B0%20%E2%84%96%2062%2C%20%D1%84%D0%B8%D0%BB%D0%B8%D0%B0%D0%BB%20%E2%84%96%204%2C%20%D0%90%D0%B4%D1%80%D0%B5%D1%81%20%D1%83%D1%82%D0%BE%D1%87%D0%BD%D1%8F%D0%B5%D1%82%D1%81%D1%8F%20%D0%B2%20%D0%B0%D0%B3%D1%80%D0%B5%D0%B3%D0%B0%D1%82%D0%BE%D1%80%D0%B0%D1%85/%D0%BE%D1%84%D0%B8%D1%86%D0%B8%D0%B0%D0%BB%D1%8C%D0%BD%D0%BE%D0%BC%20%D0%B8%D1%81%D1%82%D0%BE%D1%87%D0%BD%D0%B8%D0%BA%D0%B5%2C%20%D0%9C%D0%BE%D1%81%D0%BA%D0%B2%D0%B0;https://www.google.com/maps/search/?api=1&query=%D0%93%D0%BE%D1%80%D0%BE%D0%B4%D1%81%D0%BA%D0%B0%D1%8F%20%D0%BF%D0%BE%D0%BB%D0%B8%D0%BA%D0%BB%D0%B8%D0%BD%D0%B8%D0%BA%D0%B0%20%E2%84%96%2062%2C%20%D1%84%D0%B8%D0%BB%D0%B8%D0%B0%D0%BB%20%E2%84%96%204%2C%20%D0%90%D0%B4%D1%80%D0%B5%D1%81%20%D1%83%D1%82%D0%BE%D1%87%D0%BD%D1%8F%D0%B5%D1%82%D1%81%D1%8F%20%D0%B2%20%D0%B0%D0%B3%D1%80%D0%B5%D0%B3%D0%B0%D1%82%D0%BE%D1%80%D0%B0%D1%85/%D0%BE%D1%84%D0%B8%D1%86%D0%B8%D0%B0%D0%BB%D1%8C%D0%BD%D0%BE%D0%BC%20%D0%B8%D1%81%D1%82%D0%BE%D1%87%D0%BD%D0%B8%D0%BA%D0%B5%2C%20%D0%9C%D0%BE%D1%81%D0%BA%D0%B2%D0%B0;"Источник координат: OpenStreetMap. Ссылки ведут к поиску в трёх агрегаторах; не означают автоматическое подтверждение карточки."
Городская поликлиника № 62. Филиал № 4;Адрес уточняется в агрегаторах/официальном источнике;clinic;кандидат: московское государственное учреждение;требуется подтверждение по официальному сайту и агрегаторам;node;8048602868;55.7821847;37.5769812;"См. реестр/официальный сайт медицинской организации; автоматическая классификация не является подтверждением.";https://yandex.ru/maps/?text=%D0%93%D0%BE%D1%80%D0%BE%D0%B4%D1%81%D0%BA%D0%B0%D1%8F%20%D0%BF%D0%BE%D0%BB%D0%B8%D0%BA%D0%BB%D0%B8%D0%BD%D0%B8%D0%BA%D0%B0%20%E2%84%96%2062.%20%D0%A4%D0%B8%D0%BB%D0%B8%D0%B0%D0%BB%20%E2%84%96%204%2C%20%D0%90%D0%B4%D1%80%D0%B5%D1%81%20%D1%83%D1%82%D0%BE%D1%87%D0%BD%D1%8F%D0%B5%D1%82%D1%81%D1%8F%20%D0%B2%20%D0%B0%D0%B3%D1%80%D0%B5%D0%B3%D0%B0%D1%82%D0%BE%D1%80%D0%B0%D1%85/%D0%BE%D1%84%D0%B8%D1%86%D0%B8%D0%B0%D0%BB%D1%8C%D0%BD%D0%BE%D0%BC%20%D0%B8%D1%81%D1%82%D0%BE%D1%87%D0%BD%D0%B8%D0%BA%D0%B5%2C%20%D0%9C%D0%BE%D1%81%D0%BA%D0%B2%D0%B0;https://2gis.ru/moscow/search/%D0%93%D0%BE%D1%80%D0%BE%D0%B4%D1%81%D0%BA%D0%B0%D1%8F%20%D0%BF%D0%BE%D0%BB%D0%B8%D0%BA%D0%BB%D0%B8%D0%BD%D0%B8%D0%BA%D0%B0%20%E2%84%96%2062.%20%D0%A4%D0%B8%D0%BB%D0%B8%D0%B0%D0%BB%20%E2%84%96%204%2C%20%D0%90%D0%B4%D1%80%D0%B5%D1%81%20%D1%83%D1%82%D0%BE%D1%87%D0%BD%D1%8F%D0%B5%D1%82%D1%81%D1%8F%20%D0%B2%20%D0%B0%D0%B3%D1%80%D0%B5%D0%B3%D0%B0%D1%82%D0%BE%D1%80%D0%B0%D1%85/%D0%BE%D1%84%D0%B8%D1%86%D0%B8%D0%B0%D0%BB%D1%8C%D0%BD%D0%BE%D0%BC%20%D0%B8%D1%81%D1%82%D0%BE%D1%87%D0%BD%D0%B8%D0%BA%D0%B5%2C%20%D0%9C%D0%BE%D1%81%D0%BA%D0%B2%D0%B0;https://www.google.com/maps/search/?api=1&query=%D0%93%D0%BE%D1%80%D0%BE%D0%B4%D1%81%D0%BA%D0%B0%D1%8F%20%D0%BF%D0%BE%D0%BB%D0%B8%D0%BA%D0%BB%D0%B8%D0%BD%D0%B8%D0%BA%D0%B0%20%E2%84%96%2062.%20%D0%A4%D0%B8%D0%BB%D0%B8%D0%B0%D0%BB%20%E2%84%96%204%2C%20%D0%90%D0%B4%D1%80%D0%B5%D1%81%20%D1%83%D1%82%D0%BE%D1%87%D0%BD%D1%8F%D0%B5%D1%82%D1%81%D1%8F%20%D0%B2%20%D0%B0%D0%B3%D1%80%D0%B5%D0%B3%D0%B0%D1%82%D0%BE%D1%80%D0%B0%D1%85/%D0%BE%D1%84%D0%B8%D1%86%D0%B8%D0%B0%D0%BB%D1%8C%D0%BD%D0%BE%D0%BC%20%D0%B8%D1%81%D1%82%D0%BE%D1%87%D0%BD%D0%B8%D0%BA%D0%B5%2C%20%D0%9C%D0%BE%D1%81%D0%BA%D0%B2%D0%B0;"Источник координат: OpenStreetMap. Ссылки ведут к поиску в трёх агрегаторах; не означают автоматическое подтверждение карточки."
Городская поликлиника №105;Лиственничная аллея, 14Б;clinic;кандидат: московское государственное учреждение;требуется подтверждение по официальному сайту и агрегаторам;way;100718603;55.8350777;37.5668493;"См. реестр/официальный сайт медицинской организации; автоматическая классификация не является подтверждением.";https://yandex.ru/maps/?text=%D0%93%D0%BE%D1%80%D0%BE%D0%B4%D1%81%D0%BA%D0%B0%D1%8F%20%D0%BF%D0%BE%D0%BB%D0%B8%D0%BA%D0%BB%D0%B8%D0%BD%D0%B8%D0%BA%D0%B0%20%E2%84%96105%2C%20%D0%9B%D0%B8%D1%81%D1%82%D0%B2%D0%B5%D0%BD%D0%BD%D0%B8%D1%87%D0%BD%D0%B0%D1%8F%20%D0%B0%D0%BB%D0%BB%D0%B5%D1%8F%2C%2014%D0%91%2C%20%D0%9C%D0%BE%D1%81%D0%BA%D0%B2%D0%B0;https://2gis.ru/moscow/search/%D0%93%D0%BE%D1%80%D0%BE%D0%B4%D1%81%D0%BA%D0%B0%D1%8F%20%D0%BF%D0%BE%D0%BB%D0%B8%D0%BA%D0%BB%D0%B8%D0%BD%D0%B8%D0%BA%D0%B0%20%E2%84%96105%2C%20%D0%9B%D0%B8%D1%81%D1%82%D0%B2%D0%B5%D0%BD%D0%BD%D0%B8%D1%87%D0%BD%D0%B0%D1%8F%20%D0%B0%D0%BB%D0%BB%D0%B5%D1%8F%2C%2014%D0%91%2C%20%D0%9C%D0%BE%D1%81%D0%BA%D0%B2%D0%B0;https://www.google.com/maps/search/?api=1&query=%D0%93%D0%BE%D1%80%D0%BE%D0%B4%D1%81%D0%BA%D0%B0%D1%8F%20%D0%BF%D0%BE%D0%BB%D0%B8%D0%BA%D0%BB%D0%B8%D0%BD%D0%B8%D0%BA%D0%B0%20%E2%84%96105%2C%20%D0%9B%D0%B8%D1%81%D1%82%D0%B2%D0%B5%D0%BD%D0%BD%D0%B8%D1%87%D0%BD%D0%B0%D1%8F%20%D0%B0%D0%BB%D0%BB%D0%B5%D1%8F%2C%2014%D0%91%2C%20%D0%9C%D0%BE%D1%81%D0%BA%D0%B2%D0%B0;"Источник координат: OpenStreetMap. Ссылки ведут к поиску в трёх агрегаторах; не означают автоматическое подтверждение карточки."
Городская поликлиника №164;Адрес уточняется в агрегаторах/официальном источнике;clinic;кандидат: московское государственное учреждение;требуется подтверждение по официальному сайту и агрегаторам;way;114871074;55.8232121;37.5647222;"См. реестр/официальный сайт медицинской организации; автоматическая классификация не является подтверждением.";https://yandex.ru/maps/?text=%D0%93%D0%BE%D1%80%D0%BE%D0%B4%D1%81%D0%BA%D0%B0%D1%8F%20%D0%BF%D0%BE%D0%BB%D0%B8%D0%BA%D0%BB%D0%B8%D0%BD%D0%B8%D0%BA%D0%B0%20%E2%84%96164%2C%20%D0%90%D0%B4%D1%80%D0%B5%D1%81%20%D1%83%D1%82%D0%BE%D1%87%D0%BD%D1%8F%D0%B5%D1%82%D1%81%D1%8F%20%D0%B2%20%D0%B0%D0%B3%D1%80%D0%B5%D0%B3%D0%B0%D1%82%D0%BE%D1%80%D0%B0%D1%85/%D0%BE%D1%84%D0%B8%D1%86%D0%B8%D0%B0%D0%BB%D1%8C%D0%BD%D0%BE%D0%BC%20%D0%B8%D1%81%D1%82%D0%BE%D1%87%D0%BD%D0%B8%D0%BA%D0%B5%2C%20%D0%9C%D0%BE%D1%81%D0%BA%D0%B2%D0%B0;https://2gis.ru/moscow/search/%D0%93%D0%BE%D1%80%D0%BE%D0%B4%D1%81%D0%BA%D0%B0%D1%8F%20%D0%BF%D0%BE%D0%BB%D0%B8%D0%BA%D0%BB%D0%B8%D0%BD%D0%B8%D0%BA%D0%B0%20%E2%84%96164%2C%20%D0%90%D0%B4%D1%80%D0%B5%D1%81%20%D1%83%D1%82%D0%BE%D1%87%D0%BD%D1%8F%D0%B5%D1%82%D1%81%D1%8F%20%D0%B2%20%D0%B0%D0%B3%D1%80%D0%B5%D0%B3%D0%B0%D1%82%D0%BE%D1%80%D0%B0%D1%85/%D0%BE%D1%84%D0%B8%D1%86%D0%B8%D0%B0%D0%BB%D1%8C%D0%BD%D0%BE%D0%BC%20%D0%B8%D1%81%D1%82%D0%BE%D1%87%D0%BD%D0%B8%D0%BA%D0%B5%2C%20%D0%9C%D0%BE%D1%81%D0%BA%D0%B2%D0%B0;https://www.google.com/maps/search/?api=1&query=%D0%93%D0%BE%D1%80%D0%BE%D0%B4%D1%81%D0%BA%D0%B0%D1%8F%20%D0%BF%D0%BE%D0%BB%D0%B8%D0%BA%D0%BB%D0%B8%D0%BD%D0%B8%D0%BA%D0%B0%20%E2%84%96164%2C%20%D0%90%D0%B4%D1%80%D0%B5%D1%81%20%D1%83%D1%82%D0%BE%D1%87%D0%BD%D1%8F%D0%B5%D1%82%D1%81%D1%8F%20%D0%B2%20%D0%B0%D0%B3%D1%80%D0%B5%D0%B3%D0%B0%D1%82%D0%BE%D1%80%D0%B0%D1%85/%D0%BE%D1%84%D0%B8%D1%86%D0%B8%D0%B0%D0%BB%D1%8C%D0%BD%D0%BE%D0%BC%20%D0%B8%D1%81%D1%82%D0%BE%D1%87%D0%BD%D0%B8%D0%BA%D0%B5%2C%20%D0%9C%D0%BE%D1%81%D0%BA%D0%B2%D0%B0;"Источник координат: OpenStreetMap. Ссылки ведут к поиску в трёх агрегаторах; не означают автоматическое подтверждение карточки."
Городская поликлиника №45 филиал №3;Адрес уточняется в агрегаторах/официальном источнике;clinic;кандидат: московское государственное учреждение;требуется подтверждение по официальному сайту и агрегаторам;way;721957871;55.8662334;37.4753281;"См. реестр/официальный сайт медицинской организации; автоматическая классификация не является подтверждением.";https://yandex.ru/maps/?text=%D0%93%D0%BE%D1%80%D0%BE%D0%B4%D1%81%D0%BA%D0%B0%D1%8F%20%D0%BF%D0%BE%D0%BB%D0%B8%D0%BA%D0%BB%D0%B8%D0%BD%D0%B8%D0%BA%D0%B0%20%E2%84%9645%20%D1%84%D0%B8%D0%BB%D0%B8%D0%B0%D0%BB%20%E2%84%963%2C%20%D0%90%D0%B4%D1%80%D0%B5%D1%81%20%D1%83%D1%82%D0%BE%D1%87%D0%BD%D1%8F%D0%B5%D1%82%D1%81%D1%8F%20%D0%B2%20%D0%B0%D0%B3%D1%80%D0%B5%D0%B3%D0%B0%D1%82%D0%BE%D1%80%D0%B0%D1%85/%D0%BE%D1%84%D0%B8%D1%86%D0%B8%D0%B0%D0%BB%D1%8C%D0%BD%D0%BE%D0%BC%20%D0%B8%D1%81%D1%82%D0%BE%D1%87%D0%BD%D0%B8%D0%BA%D0%B5%2C%20%D0%9C%D0%BE%D1%81%D0%BA%D0%B2%D0%B0;https://2gis.ru/moscow/search/%D0%93%D0%BE%D1%80%D0%BE%D0%B4%D1%81%D0%BA%D0%B0%D1%8F%20%D0%BF%D0%BE%D0%BB%D0%B8%D0%BA%D0%BB%D0%B8%D0%BD%D0%B8%D0%BA%D0%B0%20%E2%84%9645%20%D1%84%D0%B8%D0%BB%D0%B8%D0%B0%D0%BB%20%E2%84%963%2C%20%D0%90%D0%B4%D1%80%D0%B5%D1%81%20%D1%83%D1%82%D0%BE%D1%87%D0%BD%D1%8F%D0%B5%D1%82%D1%81%D1%8F%20%D0%B2%20%D0%B0%D0%B3%D1%80%D0%B5%D0%B3%D0%B0%D1%82%D0%BE%D1%80%D0%B0%D1%85/%D0%BE%D1%84%D0%B8%D1%86%D0%B8%D0%B0%D0%BB%D1%8C%D0%BD%D0%BE%D0%BC%20%D0%B8%D1%81%D1%82%D0%BE%D1%87%D0%BD%D0%B8%D0%BA%D0%B5%2C%20%D0%9C%D0%BE%D1%81%D0%BA%D0%B2%D0%B0;https://www.google.com/maps/search/?api=1&query=%D0%93%D0%BE%D1%80%D0%BE%D0%B4%D1%81%D0%BA%D0%B0%D1%8F%20%D0%BF%D0%BE%D0%BB%D0%B8%D0%BA%D0%BB%D0%B8%D0%BD%D0%B8%D0%BA%D0%B0%20%E2%84%9645%20%D1%84%D0%B8%D0%BB%D0%B8%D0%B0%D0%BB%20%E2%84%963%2C%20%D0%90%D0%B4%D1%80%D0%B5%D1%81%20%D1%83%D1%82%D0%BE%D1%87%D0%BD%D1%8F%D0%B5%D1%82%D1%81%D1%8F%20%D0%B2%20%D0%B0%D0%B3%D1%80%D0%B5%D0%B3%D0%B0%D1%82%D0%BE%D1%80%D0%B0%D1%85/%D0%BE%D1%84%D0%B8%D1%86%D0%B8%D0%B0%D0%BB%D1%8C%D0%BD%D0%BE%D0%BC%20%D0%B8%D1%81%D1%82%D0%BE%D1%87%D0%BD%D0%B8%D0%BA%D0%B5%2C%20%D0%9C%D0%BE%D1%81%D0%BA%D0%B2%D0%B0;"Источник координат: OpenStreetMap. Ссылки ведут к поиску в трёх агрегаторах; не означают автоматическое подтверждение карточки."
Городская поликлиника №6 филиал 1;Адрес уточняется в агрегаторах/официальном источнике;clinic;кандидат: московское государственное учреждение;требуется подтверждение по официальному сайту и агрегаторам;way;91241969;55.7941219;37.581577;"См. реестр/официальный сайт медицинской организации; автоматическая классификация не является подтверждением.";https://yandex.ru/maps/?text=%D0%93%D0%BE%D1%80%D0%BE%D0%B4%D1%81%D0%BA%D0%B0%D1%8F%20%D0%BF%D0%BE%D0%BB%D0%B8%D0%BA%D0%BB%D0%B8%D0%BD%D0%B8%D0%BA%D0%B0%20%E2%84%966%20%D1%84%D0%B8%D0%BB%D0%B8%D0%B0%D0%BB%201%2C%20%D0%90%D0%B4%D1%80%D0%B5%D1%81%20%D1%83%D1%82%D0%BE%D1%87%D0%BD%D1%8F%D0%B5%D1%82%D1%81%D1%8F%20%D0%B2%20%D0%B0%D0%B3%D1%80%D0%B5%D0%B3%D0%B0%D1%82%D0%BE%D1%80%D0%B0%D1%85/%D0%BE%D1%84%D0%B8%D1%86%D0%B8%D0%B0%D0%BB%D1%8C%D0%BD%D0%BE%D0%BC%20%D0%B8%D1%81%D1%82%D0%BE%D1%87%D0%BD%D0%B8%D0%BA%D0%B5%2C%20%D0%9C%D0%BE%D1%81%D0%BA%D0%B2%D0%B0;https://2gis.ru/moscow/search/%D0%93%D0%BE%D1%80%D0%BE%D0%B4%D1%81%D0%BA%D0%B0%D1%8F%20%D0%BF%D0%BE%D0%BB%D0%B8%D0%BA%D0%BB%D0%B8%D0%BD%D0%B8%D0%BA%D0%B0%20%E2%84%966%20%D1%84%D0%B8%D0%BB%D0%B8%D0%B0%D0%BB%201%2C%20%D0%90%D0%B4%D1%80%D0%B5%D1%81%20%D1%83%D1%82%D0%BE%D1%87%D0%BD%D1%8F%D0%B5%D1%82%D1%81%D1%8F%20%D0%B2%20%D0%B0%D0%B3%D1%80%D0%B5%D0%B3%D0%B0%D1%82%D0%BE%D1%80%D0%B0%D1%85/%D0%BE%D1%84%D0%B8%D1%86%D0%B8%D0%B0%D0%BB%D1%8C%D0%BD%D0%BE%D0%BC%20%D0%B8%D1%81%D1%82%D0%BE%D1%87%D0%BD%D0%B8%D0%BA%D0%B5%2C%20%D0%9C%D0%BE%D1%81%D0%BA%D0%B2%D0%B0;https://www.google.com/maps/search/?api=1&query=%D0%93%D0%BE%D1%80%D0%BE%D0%B4%D1%81%D0%BA%D0%B0%D1%8F%20%D0%BF%D0%BE%D0%BB%D0%B8%D0%BA%D0%BB%D0%B8%D0%BD%D0%B8%D0%BA%D0%B0%20%E2%84%966%20%D1%84%D0%B8%D0%BB%D0%B8%D0%B0%D0%BB%201%2C%20%D0%90%D0%B4%D1%80%D0%B5%D1%81%20%D1%83%D1%82%D0%BE%D1%87%D0%BD%D1%8F%D0%B5%D1%82%D1%81%D1%8F%20%D0%B2%20%D0%B0%D0%B3%D1%80%D0%B5%D0%B3%D0%B0%D1%82%D0%BE%D1%80%D0%B0%D1%85/%D0%BE%D1%84%D0%B8%D1%86%D0%B8%D0%B0%D0%BB%D1%8C%D0%BD%D0%BE%D0%BC%20%D0%B8%D1%81%D1%82%D0%BE%D1%87%D0%BD%D0%B8%D0%BA%D0%B5%2C%20%D0%9C%D0%BE%D1%81%D0%BA%D0%B2%D0%B0;"Источник координат: OpenStreetMap. Ссылки ведут к поиску в трёх агрегаторах; не означают автоматическое подтверждение карточки."
Городская поликлиника №6 филиал №2;Бутырская улица, 65/68;clinic;кандидат: московское государственное учреждение;требуется подтверждение по официальному сайту и агрегаторам;node;601835614;55.801414;37.582493;"См. реестр/официальный сайт медицинской организации; автоматическая классификация не является подтверждением.";https://yandex.ru/maps/?text=%D0%93%D0%BE%D1%80%D0%BE%D0%B4%D1%81%D0%BA%D0%B0%D1%8F%20%D0%BF%D0%BE%D0%BB%D0%B8%D0%BA%D0%BB%D0%B8%D0%BD%D0%B8%D0%BA%D0%B0%20%E2%84%966%20%D1%84%D0%B8%D0%BB%D0%B8%D0%B0%D0%BB%20%E2%84%962%2C%20%D0%91%D1%83%D1%82%D1%8B%D1%80%D1%81%D0%BA%D0%B0%D1%8F%20%D1%83%D0%BB%D0%B8%D1%86%D0%B0%2C%2065/68%2C%20%D0%9C%D0%BE%D1%81%D0%BA%D0%B2%D0%B0;https://2gis.ru/moscow/search/%D0%93%D0%BE%D1%80%D0%BE%D0%B4%D1%81%D0%BA%D0%B0%D1%8F%20%D0%BF%D0%BE%D0%BB%D0%B8%D0%BA%D0%BB%D0%B8%D0%BD%D0%B8%D0%BA%D0%B0%20%E2%84%966%20%D1%84%D0%B8%D0%BB%D0%B8%D0%B0%D0%BB%20%E2%84%962%2C%20%D0%91%D1%83%D1%82%D1%8B%D1%80%D1%81%D0%BA%D0%B0%D1%8F%20%D1%83%D0%BB%D0%B8%D1%86%D0%B0%2C%2065/68%2C%20%D0%9C%D0%BE%D1%81%D0%BA%D0%B2%D0%B0;https://www.google.com/maps/search/?api=1&query=%D0%93%D0%BE%D1%80%D0%BE%D0%B4%D1%81%D0%BA%D0%B0%D1%8F%20%D0%BF%D0%BE%D0%BB%D0%B8%D0%BA%D0%BB%D0%B8%D0%BD%D0%B8%D0%BA%D0%B0%20%E2%84%966%20%D1%84%D0%B8%D0%BB%D0%B8%D0%B0%D0%BB%20%E2%84%962%2C%20%D0%91%D1%83%D1%82%D1%8B%D1%80%D1%81%D0%BA%D0%B0%D1%8F%20%D1%83%D0%BB%D0%B8%D1%86%D0%B0%2C%2065/68%2C%20%D0%9C%D0%BE%D1%81%D0%BA%D0%B2%D0%B0;"Источник координат: OpenStreetMap. Ссылки ведут к поиску в трёх агрегаторах; не означают автоматическое подтверждение карточки."
Городская поликлиника №62 Амбулаторный центр;Адрес уточняется в агрегаторах/официальном источнике;clinic;кандидат: московское государственное учреждение;требуется подтверждение по официальному сайту и агрегаторам;relation;7930950;55.8006578;37.5448588;"См. реестр/официальный сайт медицинской организации; автоматическая классификация не является подтверждением.";https://yandex.ru/maps/?text=%D0%93%D0%BE%D1%80%D0%BE%D0%B4%D1%81%D0%BA%D0%B0%D1%8F%20%D0%BF%D0%BE%D0%BB%D0%B8%D0%BA%D0%BB%D0%B8%D0%BD%D0%B8%D0%BA%D0%B0%20%E2%84%9662%20%D0%90%D0%BC%D0%B1%D1%83%D0%BB%D0%B0%D1%82%D0%BE%D1%80%D0%BD%D1%8B%D0%B9%20%D1%86%D0%B5%D0%BD%D1%82%D1%80%2C%20%D0%90%D0%B4%D1%80%D0%B5%D1%81%20%D1%83%D1%82%D0%BE%D1%87%D0%BD%D1%8F%D0%B5%D1%82%D1%81%D1%8F%20%D0%B2%20%D0%B0%D0%B3%D1%80%D0%B5%D0%B3%D0%B0%D1%82%D0%BE%D1%80%D0%B0%D1%85/%D0%BE%D1%84%D0%B8%D1%86%D0%B8%D0%B0%D0%BB%D1%8C%D0%BD%D0%BE%D0%BC%20%D0%B8%D1%81%D1%82%D0%BE%D1%87%D0%BD%D0%B8%D0%BA%D0%B5%2C%20%D0%9C%D0%BE%D1%81%D0%BA%D0%B2%D0%B0;https://2gis.ru/moscow/search/%D0%93%D0%BE%D1%80%D0%BE%D0%B4%D1%81%D0%BA%D0%B0%D1%8F%20%D0%BF%D0%BE%D0%BB%D0%B8%D0%BA%D0%BB%D0%B8%D0%BD%D0%B8%D0%BA%D0%B0%20%E2%84%9662%20%D0%90%D0%BC%D0%B1%D1%83%D0%BB%D0%B0%D1%82%D0%BE%D1%80%D0%BD%D1%8B%D0%B9%20%D1%86%D0%B5%D0%BD%D1%82%D1%80%2C%20%D0%90%D0%B4%D1%80%D0%B5%D1%81%20%D1%83%D1%82%D0%BE%D1%87%D0%BD%D1%8F%D0%B5%D1%82%D1%81%D1%8F%20%D0%B2%20%D0%B0%D0%B3%D1%80%D0%B5%D0%B3%D0%B0%D1%82%D0%BE%D1%80%D0%B0%D1%85/%D0%BE%D1%84%D0%B8%D1%86%D0%B8%D0%B0%D0%BB%D1%8C%D0%BD%D0%BE%D0%BC%20%D0%B8%D1%81%D1%82%D0%BE%D1%87%D0%BD%D0%B8%D0%BA%D0%B5%2C%20%D0%9C%D0%BE%D1%81%D0%BA%D0%B2%D0%B0;https://www.google.com/maps/search/?api=1&query=%D0%93%D0%BE%D1%80%D0%BE%D0%B4%D1%81%D0%BA%D0%B0%D1%8F%20%D0%BF%D0%BE%D0%BB%D0%B8%D0%BA%D0%BB%D0%B8%D0%BD%D0%B8%D0%BA%D0%B0%20%E2%84%9662%20%D0%90%D0%BC%D0%B1%D1%83%D0%BB%D0%B0%D1%82%D0%BE%D1%80%D0%BD%D1%8B%D0%B9%20%D1%86%D0%B5%D0%BD%D1%82%D1%80%2C%20%D0%90%D0%B4%D1%80%D0%B5%D1%81%20%D1%83%D1%82%D0%BE%D1%87%D0%BD%D1%8F%D0%B5%D1%82%D1%81%D1%8F%20%D0%B2%20%D0%B0%D0%B3%D1%80%D0%B5%D0%B3%D0%B0%D1%82%D0%BE%D1%80%D0%B0%D1%85/%D0%BE%D1%84%D0%B8%D1%86%D0%B8%D0%B0%D0%BB%D1%8C%D0%BD%D0%BE%D0%BC%20%D0%B8%D1%81%D1%82%D0%BE%D1%87%D0%BD%D0%B8%D0%BA%D0%B5%2C%20%D0%9C%D0%BE%D1%81%D0%BA%D0%B2%D0%B0;"Источник координат: OpenStreetMap. Ссылки ведут к поиску в трёх агрегаторах; не означают автоматическое подтверждение карточки."
Детская городская клиническая больница №9 им. Г. Н. Сперанского, Филиал №1 (Поликлиническое отделение);Адрес уточняется в агрегаторах/официальном источнике;clinic;кандидат: московское государственное учреждение;требуется подтверждение по официальному сайту и агрегаторам;way;867724923;55.7819826;37.5773935;"См. реестр/официальный сайт медицинской организации; автоматическая классификация не является подтверждением.";https://yandex.ru/maps/?text=%D0%94%D0%B5%D1%82%D1%81%D0%BA%D0%B0%D1%8F%20%D0%B3%D0%BE%D1%80%D0%BE%D0%B4%D1%81%D0%BA%D0%B0%D1%8F%20%D0%BA%D0%BB%D0%B8%D0%BD%D0%B8%D1%87%D0%B5%D1%81%D0%BA%D0%B0%D1%8F%20%D0%B1%D0%BE%D0%BB%D1%8C%D0%BD%D0%B8%D1%86%D0%B0%20%E2%84%969%20%D0%B8%D0%BC.%20%D0%93.%20%D0%9D.%20%D0%A1%D0%BF%D0%B5%D1%80%D0%B0%D0%BD%D1%81%D0%BA%D0%BE%D0%B3%D0%BE%2C%20%D0%A4%D0%B8%D0%BB%D0%B8%D0%B0%D0%BB%20%E2%84%961%20%28%D0%9F%D0%BE%D0%BB%D0%B8%D0%BA%D0%BB%D0%B8%D0%BD%D0%B8%D1%87%D0%B5%D1%81%D0%BA%D0%BE%D0%B5%20%D0%BE%D1%82%D0%B4%D0%B5%D0%BB%D0%B5%D0%BD%D0%B8%D0%B5%29%2C%20%D0%90%D0%B4%D1%80%D0%B5%D1%81%20%D1%83%D1%82%D0%BE%D1%87%D0%BD%D1%8F%D0%B5%D1%82%D1%81%D1%8F%20%D0%B2%20%D0%B0%D0%B3%D1%80%D0%B5%D0%B3%D0%B0%D1%82%D0%BE%D1%80%D0%B0%D1%85/%D0%BE%D1%84%D0%B8%D1%86%D0%B8%D0%B0%D0%BB%D1%8C%D0%BD%D0%BE%D0%BC%20%D0%B8%D1%81%D1%82%D0%BE%D1%87%D0%BD%D0%B8%D0%BA%D0%B5%2C%20%D0%9C%D0%BE%D1%81%D0%BA%D0%B2%D0%B0;https://2gis.ru/moscow/search/%D0%94%D0%B5%D1%82%D1%81%D0%BA%D0%B0%D1%8F%20%D0%B3%D0%BE%D1%80%D0%BE%D0%B4%D1%81%D0%BA%D0%B0%D1%8F%20%D0%BA%D0%BB%D0%B8%D0%BD%D0%B8%D1%87%D0%B5%D1%81%D0%BA%D0%B0%D1%8F%20%D0%B1%D0%BE%D0%BB%D1%8C%D0%BD%D0%B8%D1%86%D0%B0%20%E2%84%969%20%D0%B8%D0%BC.%20%D0%93.%20%D0%9D.%20%D0%A1%D0%BF%D0%B5%D1%80%D0%B0%D0%BD%D1%81%D0%BA%D0%BE%D0%B3%D0%BE%2C%20%D0%A4%D0%B8%D0%BB%D0%B8%D0%B0%D0%BB%20%E2%84%961%20%28%D0%9F%D0%BE%D0%BB%D0%B8%D0%BA%D0%BB%D0%B8%D0%BD%D0%B8%D1%87%D0%B5%D1%81%D0%BA%D0%BE%D0%B5%20%D0%BE%D1%82%D0%B4%D0%B5%D0%BB%D0%B5%D0%BD%D0%B8%D0%B5%29%2C%20%D0%90%D0%B4%D1%80%D0%B5%D1%81%20%D1%83%D1%82%D0%BE%D1%87%D0%BD%D1%8F%D0%B5%D1%82%D1%81%D1%8F%20%D0%B2%20%D0%B0%D0%B3%D1%80%D0%B5%D0%B3%D0%B0%D1%82%D0%BE%D1%80%D0%B0%D1%85/%D0%BE%D1%84%D0%B8%D1%86%D0%B8%D0%B0%D0%BB%D1%8C%D0%BD%D0%BE%D0%BC%20%D0%B8%D1%81%D1%82%D0%BE%D1%87%D0%BD%D0%B8%D0%BA%D0%B5%2C%20%D0%9C%D0%BE%D1%81%D0%BA%D0%B2%D0%B0;https://www.google.com/maps/search/?api=1&query=%D0%94%D0%B5%D1%82%D1%81%D0%BA%D0%B0%D1%8F%20%D0%B3%D0%BE%D1%80%D0%BE%D0%B4%D1%81%D0%BA%D0%B0%D1%8F%20%D0%BA%D0%BB%D0%B8%D0%BD%D0%B8%D1%87%D0%B5%D1%81%D0%BA%D0%B0%D1%8F%20%D0%B1%D0%BE%D0%BB%D1%8C%D0%BD%D0%B8%D1%86%D0%B0%20%E2%84%969%20%D0%B8%D0%BC.%20%D0%93.%20%D0%9D.%20%D0%A1%D0%BF%D0%B5%D1%80%D0%B0%D0%BD%D1%81%D0%BA%D0%BE%D0%B3%D0%BE%2C%20%D0%A4%D0%B8%D0%BB%D0%B8%D0%B0%D0%BB%20%E2%84%961%20%28%D0%9F%D0%BE%D0%BB%D0%B8%D0%BA%D0%BB%D0%B8%D0%BD%D0%B8%D1%87%D0%B5%D1%81%D0%BA%D0%BE%D0%B5%20%D0%BE%D1%82%D0%B4%D0%B5%D0%BB%D0%B5%D0%BD%D0%B8%D0%B5%29%2C%20%D0%90%D0%B4%D1%80%D0%B5%D1%81%20%D1%83%D1%82%D0%BE%D1%87%D0%BD%D1%8F%D0%B5%D1%82%D1%81%D1%8F%20%D0%B2%20%D0%B0%D0%B3%D1%80%D0%B5%D0%B3%D0%B0%D1%82%D0%BE%D1%80%D0%B0%D1%85/%D0%BE%D1%84%D0%B8%D1%86%D0%B8%D0%B0%D0%BB%D1%8C%D0%BD%D0%BE%D0%BC%20%D0%B8%D1%81%D1%82%D0%BE%D1%87%D0%BD%D0%B8%D0%BA%D0%B5%2C%20%D0%9C%D0%BE%D1%81%D0%BA%D0%B2%D0%B0;"Источник координат: OpenStreetMap. Ссылки ведут к поиску в трёх агрегаторах; не означают автоматическое подтверждение карточки."
Детская городская поликлиника № 133. Филиал № 4;Адрес уточняется в агрегаторах/официальном источнике;clinic;кандидат: московское государственное учреждение;требуется подтверждение по официальному сайту и агрегаторам;node;11371298793;55.9468419;37.3523623;"См. реестр/официальный сайт медицинской организации; автоматическая классификация не является подтверждением.";https://yandex.ru/maps/?text=%D0%94%D0%B5%D1%82%D1%81%D0%BA%D0%B0%D1%8F%20%D0%B3%D0%BE%D1%80%D0%BE%D0%B4%D1%81%D0%BA%D0%B0%D1%8F%20%D0%BF%D0%BE%D0%BB%D0%B8%D0%BA%D0%BB%D0%B8%D0%BD%D0%B8%D0%BA%D0%B0%20%E2%84%96%20133.%20%D0%A4%D0%B8%D0%BB%D0%B8%D0%B0%D0%BB%20%E2%84%96%204%2C%20%D0%90%D0%B4%D1%80%D0%B5%D1%81%20%D1%83%D1%82%D0%BE%D1%87%D0%BD%D1%8F%D0%B5%D1%82%D1%81%D1%8F%20%D0%B2%20%D0%B0%D0%B3%D1%80%D0%B5%D0%B3%D0%B0%D1%82%D0%BE%D1%80%D0%B0%D1%85/%D0%BE%D1%84%D0%B8%D1%86%D0%B8%D0%B0%D0%BB%D1%8C%D0%BD%D0%BE%D0%BC%20%D0%B8%D1%81%D1%82%D0%BE%D1%87%D0%BD%D0%B8%D0%BA%D0%B5%2C%20%D0%9C%D0%BE%D1%81%D0%BA%D0%B2%D0%B0;https://2gis.ru/moscow/search/%D0%94%D0%B5%D1%82%D1%81%D0%BA%D0%B0%D1%8F%20%D0%B3%D0%BE%D1%80%D0%BE%D0%B4%D1%81%D0%BA%D0%B0%D1%8F%20%D0%BF%D0%BE%D0%BB%D0%B8%D0%BA%D0%BB%D0%B8%D0%BD%D0%B8%D0%BA%D0%B0%20%E2%84%96%20133.%20%D0%A4%D0%B8%D0%BB%D0%B8%D0%B0%D0%BB%20%E2%84%96%204%2C%20%D0%90%D0%B4%D1%80%D0%B5%D1%81%20%D1%83%D1%82%D0%BE%D1%87%D0%BD%D1%8F%D0%B5%D1%82%D1%81%D1%8F%20%D0%B2%20%D0%B0%D0%B3%D1%80%D0%B5%D0%B3%D0%B0%D1%82%D0%BE%D1%80%D0%B0%D1%85/%D0%BE%D1%84%D0%B8%D1%86%D0%B8%D0%B0%D0%BB%D1%8C%D0%BD%D0%BE%D0%BC%20%D0%B8%D1%81%D1%82%D0%BE%D1%87%D0%BD%D0%B8%D0%BA%D0%B5%2C%20%D0%9C%D0%BE%D1%81%D0%BA%D0%B2%D0%B0;https://www.google.com/maps/search/?api=1&query=%D0%94%D0%B5%D1%82%D1%81%D0%BA%D0%B0%D1%8F%20%D0%B3%D0%BE%D1%80%D0%BE%D0%B4%D1%81%D0%BA%D0%B0%D1%8F%20%D0%BF%D0%BE%D0%BB%D0%B8%D0%BA%D0%BB%D0%B8%D0%BD%D0%B8%D0%BA%D0%B0%20%E2%84%96%20133.%20%D0%A4%D0%B8%D0%BB%D0%B8%D0%B0%D0%BB%20%E2%84%96%204%2C%20%D0%90%D0%B4%D1%80%D0%B5%D1%81%20%D1%83%D1%82%D0%BE%D1%87%D0%BD%D1%8F%D0%B5%D1%82%D1%81%D1%8F%20%D0%B2%20%D0%B0%D0%B3%D1%80%D0%B5%D0%B3%D0%B0%D1%82%D0%BE%D1%80%D0%B0%D1%85/%D0%BE%D1%84%D0%B8%D1%86%D0%B8%D0%B0%D0%BB%D1%8C%D0%BD%D0%BE%D0%BC%20%D0%B8%D1%81%D1%82%D0%BE%D1%87%D0%BD%D0%B8%D0%BA%D0%B5%2C%20%D0%9C%D0%BE%D1%81%D0%BA%D0%B2%D0%B0;"Источник координат: OpenStreetMap. Ссылки ведут к поиску в трёх агрегаторах; не означают автоматическое подтверждение карточки."
Детская городская поликлиника № 15. Филиал 2;Адрес уточняется в агрегаторах/официальном источнике;clinic;кандидат: московское государственное учреждение;требуется подтверждение по официальному сайту и агрегаторам;relation;8330590;55.868449;37.5514666;"См. реестр/официальный сайт медицинской организации; автоматическая классификация не является подтверждением.";https://yandex.ru/maps/?text=%D0%94%D0%B5%D1%82%D1%81%D0%BA%D0%B0%D1%8F%20%D0%B3%D0%BE%D1%80%D0%BE%D0%B4%D1%81%D0%BA%D0%B0%D1%8F%20%D0%BF%D0%BE%D0%BB%D0%B8%D0%BA%D0%BB%D0%B8%D0%BD%D0%B8%D0%BA%D0%B0%20%E2%84%96%2015.%20%D0%A4%D0%B8%D0%BB%D0%B8%D0%B0%D0%BB%202%2C%20%D0%90%D0%B4%D1%80%D0%B5%D1%81%20%D1%83%D1%82%D0%BE%D1%87%D0%BD%D1%8F%D0%B5%D1%82%D1%81%D1%8F%20%D0%B2%20%D0%B0%D0%B3%D1%80%D0%B5%D0%B3%D0%B0%D1%82%D0%BE%D1%80%D0%B0%D1%85/%D0%BE%D1%84%D0%B8%D1%86%D0%B8%D0%B0%D0%BB%D1%8C%D0%BD%D0%BE%D0%BC%20%D0%B8%D1%81%D1%82%D0%BE%D1%87%D0%BD%D0%B8%D0%BA%D0%B5%2C%20%D0%9C%D0%BE%D1%81%D0%BA%D0%B2%D0%B0;https://2gis.ru/moscow/search/%D0%94%D0%B5%D1%82%D1%81%D0%BA%D0%B0%D1%8F%20%D0%B3%D0%BE%D1%80%D0%BE%D0%B4%D1%81%D0%BA%D0%B0%D1%8F%20%D0%BF%D0%BE%D0%BB%D0%B8%D0%BA%D0%BB%D0%B8%D0%BD%D0%B8%D0%BA%D0%B0%20%E2%84%96%2015.%20%D0%A4%D0%B8%D0%BB%D0%B8%D0%B0%D0%BB%202%2C%20%D0%90%D0%B4%D1%80%D0%B5%D1%81%20%D1%83%D1%82%D0%BE%D1%87%D0%BD%D1%8F%D0%B5%D1%82%D1%81%D1%8F%20%D0%B2%20%D0%B0%D0%B3%D1%80%D0%B5%D0%B3%D0%B0%D1%82%D0%BE%D1%80%D0%B0%D1%85/%D0%BE%D1%84%D0%B8%D1%86%D0%B8%D0%B0%D0%BB%D1%8C%D0%BD%D0%BE%D0%BC%20%D0%B8%D1%81%D1%82%D0%BE%D1%87%D0%BD%D0%B8%D0%BA%D0%B5%2C%20%D0%9C%D0%BE%D1%81%D0%BA%D0%B2%D0%B0;https://www.google.com/maps/search/?api=1&query=%D0%94%D0%B5%D1%82%D1%81%D0%BA%D0%B0%D1%8F%20%D0%B3%D0%BE%D1%80%D0%BE%D0%B4%D1%81%D0%BA%D0%B0%D1%8F%20%D0%BF%D0%BE%D0%BB%D0%B8%D0%BA%D0%BB%D0%B8%D0%BD%D0%B8%D0%BA%D0%B0%20%E2%84%96%2015.%20%D0%A4%D0%B8%D0%BB%D0%B8%D0%B0%D0%BB%202%2C%20%D0%90%D0%B4%D1%80%D0%B5%D1%81%20%D1%83%D1%82%D0%BE%D1%87%D0%BD%D1%8F%D0%B5%D1%82%D1%81%D1%8F%20%D0%B2%20%D0%B0%D0%B3%D1%80%D0%B5%D0%B3%D0%B0%D1%82%D0%BE%D1%80%D0%B0%D1%85/%D0%BE%D1%84%D0%B8%D1%86%D0%B8%D0%B0%D0%BB%D1%8C%D0%BD%D0%BE%D0%BC%20%D0%B8%D1%81%D1%82%D0%BE%D1%87%D0%BD%D0%B8%D0%BA%D0%B5%2C%20%D0%9C%D0%BE%D1%81%D0%BA%D0%B2%D0%B0;"Источник координат: OpenStreetMap. Ссылки ведут к поиску в трёх агрегаторах; не означают автоматическое подтверждение карточки."
Детская городская поликлиника № 86 филиал № 1;Дубнинская улица, 40 к3;clinic;кандидат: московское государственное учреждение;требуется подтверждение по официальному сайту и агрегаторам;way;28678459;55.8893819;37.5619288;"См. реестр/официальный сайт медицинской организации; автоматическая классификация не является подтверждением.";https://yandex.ru/maps/?text=%D0%94%D0%B5%D1%82%D1%81%D0%BA%D0%B0%D1%8F%20%D0%B3%D0%BE%D1%80%D0%BE%D0%B4%D1%81%D0%BA%D0%B0%D1%8F%20%D0%BF%D0%BE%D0%BB%D0%B8%D0%BA%D0%BB%D0%B8%D0%BD%D0%B8%D0%BA%D0%B0%20%E2%84%96%2086%20%D1%84%D0%B8%D0%BB%D0%B8%D0%B0%D0%BB%20%E2%84%96%201%2C%20%D0%94%D1%83%D0%B1%D0%BD%D0%B8%D0%BD%D1%81%D0%BA%D0%B0%D1%8F%20%D1%83%D0%BB%D0%B8%D1%86%D0%B0%2C%2040%20%D0%BA3%2C%20%D0%9C%D0%BE%D1%81%D0%BA%D0%B2%D0%B0;https://2gis.ru/moscow/search/%D0%94%D0%B5%D1%82%D1%81%D0%BA%D0%B0%D1%8F%20%D0%B3%D0%BE%D1%80%D0%BE%D0%B4%D1%81%D0%BA%D0%B0%D1%8F%20%D0%BF%D0%BE%D0%BB%D0%B8%D0%BA%D0%BB%D0%B8%D0%BD%D0%B8%D0%BA%D0%B0%20%E2%84%96%2086%20%D1%84%D0%B8%D0%BB%D0%B8%D0%B0%D0%BB%20%E2%84%96%201%2C%20%D0%94%D1%83%D0%B1%D0%BD%D0%B8%D0%BD%D1%81%D0%BA%D0%B0%D1%8F%20%D1%83%D0%BB%D0%B8%D1%86%D0%B0%2C%2040%20%D0%BA3%2C%20%D0%9C%D0%BE%D1%81%D0%BA%D0%B2%D0%B0;https://www.google.com/maps/search/?api=1&query=%D0%94%D0%B5%D1%82%D1%81%D0%BA%D0%B0%D1%8F%20%D0%B3%D0%BE%D1%80%D0%BE%D0%B4%D1%81%D0%BA%D0%B0%D1%8F%20%D0%BF%D0%BE%D0%BB%D0%B8%D0%BA%D0%BB%D0%B8%D0%BD%D0%B8%D0%BA%D0%B0%20%E2%84%96%2086%20%D1%84%D0%B8%D0%BB%D0%B8%D0%B0%D0%BB%20%E2%84%96%201%2C%20%D0%94%D1%83%D0%B1%D0%BD%D0%B8%D0%BD%D1%81%D0%BA%D0%B0%D1%8F%20%D1%83%D0%BB%D0%B8%D1%86%D0%B0%2C%2040%20%D0%BA3%2C%20%D0%9C%D0%BE%D1%81%D0%BA%D0%B2%D0%B0;"Источник координат: OpenStreetMap. Ссылки ведут к поиску в трёх агрегаторах; не означают автоматическое подтверждение карточки."
Детская городская поликлиника № 86. Филиал № 3;Адрес уточняется в агрегаторах/официальном источнике;clinic;кандидат: московское государственное учреждение;требуется подтверждение по официальному сайту и агрегаторам;node;11381429412;55.8777454;37.5405729;"См. реестр/официальный сайт медицинской организации; автоматическая классификация не является подтверждением.";https://yandex.ru/maps/?text=%D0%94%D0%B5%D1%82%D1%81%D0%BA%D0%B0%D1%8F%20%D0%B3%D0%BE%D1%80%D0%BE%D0%B4%D1%81%D0%BA%D0%B0%D1%8F%20%D0%BF%D0%BE%D0%BB%D0%B8%D0%BA%D0%BB%D0%B8%D0%BD%D0%B8%D0%BA%D0%B0%20%E2%84%96%2086.%20%D0%A4%D0%B8%D0%BB%D0%B8%D0%B0%D0%BB%20%E2%84%96%203%2C%20%D0%90%D0%B4%D1%80%D0%B5%D1%81%20%D1%83%D1%82%D0%BE%D1%87%D0%BD%D1%8F%D0%B5%D1%82%D1%81%D1%8F%20%D0%B2%20%D0%B0%D0%B3%D1%80%D0%B5%D0%B3%D0%B0%D1%82%D0%BE%D1%80%D0%B0%D1%85/%D0%BE%D1%84%D0%B8%D1%86%D0%B8%D0%B0%D0%BB%D1%8C%D0%BD%D0%BE%D0%BC%20%D0%B8%D1%81%D1%82%D0%BE%D1%87%D0%BD%D0%B8%D0%BA%D0%B5%2C%20%D0%9C%D0%BE%D1%81%D0%BA%D0%B2%D0%B0;https://2gis.ru/moscow/search/%D0%94%D0%B5%D1%82%D1%81%D0%BA%D0%B0%D1%8F%20%D0%B3%D0%BE%D1%80%D0%BE%D0%B4%D1%81%D0%BA%D0%B0%D1%8F%20%D0%BF%D0%BE%D0%BB%D0%B8%D0%BA%D0%BB%D0%B8%D0%BD%D0%B8%D0%BA%D0%B0%20%E2%84%96%2086.%20%D0%A4%D0%B8%D0%BB%D0%B8%D0%B0%D0%BB%20%E2%84%96%203%2C%20%D0%90%D0%B4%D1%80%D0%B5%D1%81%20%D1%83%D1%82%D0%BE%D1%87%D0%BD%D1%8F%D0%B5%D1%82%D1%81%D1%8F%20%D0%B2%20%D0%B0%D0%B3%D1%80%D0%B5%D0%B3%D0%B0%D1%82%D0%BE%D1%80%D0%B0%D1%85/%D0%BE%D1%84%D0%B8%D1%86%D0%B8%D0%B0%D0%BB%D1%8C%D0%BD%D0%BE%D0%BC%20%D0%B8%D1%81%D1%82%D0%BE%D1%87%D0%BD%D0%B8%D0%BA%D0%B5%2C%20%D0%9C%D0%BE%D1%81%D0%BA%D0%B2%D0%B0;https://www.google.com/maps/search/?api=1&query=%D0%94%D0%B5%D1%82%D1%81%D0%BA%D0%B0%D1%8F%20%D0%B3%D0%BE%D1%80%D0%BE%D0%B4%D1%81%D0%BA%D0%B0%D1%8F%20%D0%BF%D0%BE%D0%BB%D0%B8%D0%BA%D0%BB%D0%B8%D0%BD%D0%B8%D0%BA%D0%B0%20%E2%84%96%2086.%20%D0%A4%D0%B8%D0%BB%D0%B8%D0%B0%D0%BB%20%E2%84%96%203%2C%20%D0%90%D0%B4%D1%80%D0%B5%D1%81%20%D1%83%D1%82%D0%BE%D1%87%D0%BD%D1%8F%D0%B5%D1%82%D1%81%D1%8F%20%D0%B2%20%D0%B0%D0%B3%D1%80%D0%B5%D0%B3%D0%B0%D1%82%D0%BE%D1%80%D0%B0%D1%85/%D0%BE%D1%84%D0%B8%D1%86%D0%B8%D0%B0%D0%BB%D1%8C%D0%BD%D0%BE%D0%BC%20%D0%B8%D1%81%D1%82%D0%BE%D1%87%D0%BD%D0%B8%D0%BA%D0%B5%2C%20%D0%9C%D0%BE%D1%81%D0%BA%D0%B2%D0%B0;"Источник координат: OpenStreetMap. Ссылки ведут к поиску в трёх агрегаторах; не означают автоматическое подтверждение карточки."
Детская городская поликлиника №19;Адрес уточняется в агрегаторах/официальном источнике;clinic;кандидат: московское государственное учреждение;требуется подтверждение по официальному сайту и агрегаторам;node;2298658136;55.8008542;37.567579;"См. реестр/официальный сайт медицинской организации; автоматическая классификация не является подтверждением.";https://yandex.ru/maps/?text=%D0%94%D0%B5%D1%82%D1%81%D0%BA%D0%B0%D1%8F%20%D0%B3%D0%BE%D1%80%D0%BE%D0%B4%D1%81%D0%BA%D0%B0%D1%8F%20%D0%BF%D0%BE%D0%BB%D0%B8%D0%BA%D0%BB%D0%B8%D0%BD%D0%B8%D0%BA%D0%B0%20%E2%84%9619%2C%20%D0%90%D0%B4%D1%80%D0%B5%D1%81%20%D1%83%D1%82%D0%BE%D1%87%D0%BD%D1%8F%D0%B5%D1%82%D1%81%D1%8F%20%D0%B2%20%D0%B0%D0%B3%D1%80%D0%B5%D0%B3%D0%B0%D1%82%D0%BE%D1%80%D0%B0%D1%85/%D0%BE%D1%84%D0%B8%D1%86%D0%B8%D0%B0%D0%BB%D1%8C%D0%BD%D0%BE%D0%BC%20%D0%B8%D1%81%D1%82%D0%BE%D1%87%D0%BD%D0%B8%D0%BA%D0%B5%2C%20%D0%9C%D0%BE%D1%81%D0%BA%D0%B2%D0%B0;https://2gis.ru/moscow/search/%D0%94%D0%B5%D1%82%D1%81%D0%BA%D0%B0%D1%8F%20%D0%B3%D0%BE%D1%80%D0%BE%D0%B4%D1%81%D0%BA%D0%B0%D1%8F%20%D0%BF%D0%BE%D0%BB%D0%B8%D0%BA%D0%BB%D0%B8%D0%BD%D0%B8%D0%BA%D0%B0%20%E2%84%9619%2C%20%D0%90%D0%B4%D1%80%D0%B5%D1%81%20%D1%83%D1%82%D0%BE%D1%87%D0%BD%D1%8F%D0%B5%D1%82%D1%81%D1%8F%20%D0%B2%20%D0%B0%D0%B3%D1%80%D0%B5%D0%B3%D0%B0%D1%82%D0%BE%D1%80%D0%B0%D1%85/%D0%BE%D1%84%D0%B8%D1%86%D0%B8%D0%B0%D0%BB%D1%8C%D0%BD%D0%BE%D0%BC%20%D0%B8%D1%81%D1%82%D0%BE%D1%87%D0%BD%D0%B8%D0%BA%D0%B5%2C%20%D0%9C%D0%BE%D1%81%D0%BA%D0%B2%D0%B0;https://www.google.com/maps/search/?api=1&query=%D0%94%D0%B5%D1%82%D1%81%D0%BA%D0%B0%D1%8F%20%D0%B3%D0%BE%D1%80%D0%BE%D0%B4%D1%81%D0%BA%D0%B0%D1%8F%20%D0%BF%D0%BE%D0%BB%D0%B8%D0%BA%D0%BB%D0%B8%D0%BD%D0%B8%D0%BA%D0%B0%20%E2%84%9619%2C%20%D0%90%D0%B4%D1%80%D0%B5%D1%81%20%D1%83%D1%82%D0%BE%D1%87%D0%BD%D1%8F%D0%B5%D1%82%D1%81%D1%8F%20%D0%B2%20%D0%B0%D0%B3%D1%80%D0%B5%D0%B3%D0%B0%D1%82%D0%BE%D1%80%D0%B0%D1%85/%D0%BE%D1%84%D0%B8%D1%86%D0%B8%D0%B0%D0%BB%D1%8C%D0%BD%D0%BE%D0%BC%20%D0%B8%D1%81%D1%82%D0%BE%D1%87%D0%BD%D0%B8%D0%BA%D0%B5%2C%20%D0%9C%D0%BE%D1%81%D0%BA%D0%B2%D0%B0;"Источник координат: OpenStreetMap. Ссылки ведут к поиску в трёх агрегаторах; не означают автоматическое подтверждение карточки."
Детская городская поликлиника №39 Филиал №1;Адрес уточняется в агрегаторах/официальном источнике;clinic;кандидат: московское государственное учреждение;требуется подтверждение по официальному сайту и агрегаторам;node;1557868571;55.8031934;37.4967843;"См. реестр/официальный сайт медицинской организации; автоматическая классификация не является подтверждением.";https://yandex.ru/maps/?text=%D0%94%D0%B5%D1%82%D1%81%D0%BA%D0%B0%D1%8F%20%D0%B3%D0%BE%D1%80%D0%BE%D0%B4%D1%81%D0%BA%D0%B0%D1%8F%20%D0%BF%D0%BE%D0%BB%D0%B8%D0%BA%D0%BB%D0%B8%D0%BD%D0%B8%D0%BA%D0%B0%20%E2%84%9639%20%D0%A4%D0%B8%D0%BB%D0%B8%D0%B0%D0%BB%20%E2%84%961%2C%20%D0%90%D0%B4%D1%80%D0%B5%D1%81%20%D1%83%D1%82%D0%BE%D1%87%D0%BD%D1%8F%D0%B5%D1%82%D1%81%D1%8F%20%D0%B2%20%D0%B0%D0%B3%D1%80%D0%B5%D0%B3%D0%B0%D1%82%D0%BE%D1%80%D0%B0%D1%85/%D0%BE%D1%84%D0%B8%D1%86%D0%B8%D0%B0%D0%BB%D1%8C%D0%BD%D0%BE%D0%BC%20%D0%B8%D1%81%D1%82%D0%BE%D1%87%D0%BD%D0%B8%D0%BA%D0%B5%2C%20%D0%9C%D0%BE%D1%81%D0%BA%D0%B2%D0%B0;https://2gis.ru/moscow/search/%D0%94%D0%B5%D1%82%D1%81%D0%BA%D0%B0%D1%8F%20%D0%B3%D0%BE%D1%80%D0%BE%D0%B4%D1%81%D0%BA%D0%B0%D1%8F%20%D0%BF%D0%BE%D0%BB%D0%B8%D0%BA%D0%BB%D0%B8%D0%BD%D0%B8%D0%BA%D0%B0%20%E2%84%9639%20%D0%A4%D0%B8%D0%BB%D0%B8%D0%B0%D0%BB%20%E2%84%961%2C%20%D0%90%D0%B4%D1%80%D0%B5%D1%81%20%D1%83%D1%82%D0%BE%D1%87%D0%BD%D1%8F%D0%B5%D1%82%D1%81%D1%8F%20%D0%B2%20%D0%B0%D0%B3%D1%80%D0%B5%D0%B3%D0%B0%D1%82%D0%BE%D1%80%D0%B0%D1%85/%D0%BE%D1%84%D0%B8%D1%86%D0%B8%D0%B0%D0%BB%D1%8C%D0%BD%D0%BE%D0%BC%20%D0%B8%D1%81%D1%82%D0%BE%D1%87%D0%BD%D0%B8%D0%BA%D0%B5%2C%20%D0%9C%D0%BE%D1%81%D0%BA%D0%B2%D0%B0;https://www.google.com/maps/search/?api=1&query=%D0%94%D0%B5%D1%82%D1%81%D0%BA%D0%B0%D1%8F%20%D0%B3%D0%BE%D1%80%D0%BE%D0%B4%D1%81%D0%BA%D0%B0%D1%8F%20%D0%BF%D0%BE%D0%BB%D0%B8%D0%BA%D0%BB%D0%B8%D0%BD%D0%B8%D0%BA%D0%B0%20%E2%84%9639%20%D0%A4%D0%B8%D0%BB%D0%B8%D0%B0%D0%BB%20%E2%84%961%2C%20%D0%90%D0%B4%D1%80%D0%B5%D1%81%20%D1%83%D1%82%D0%BE%D1%87%D0%BD%D1%8F%D0%B5%D1%82%D1%81%D1%8F%20%D0%B2%20%D0%B0%D0%B3%D1%80%D0%B5%D0%B3%D0%B0%D1%82%D0%BE%D1%80%D0%B0%D1%85/%D0%BE%D1%84%D0%B8%D1%86%D0%B8%D0%B0%D0%BB%D1%8C%D0%BD%D0%BE%D0%BC%20%D0%B8%D1%81%D1%82%D0%BE%D1%87%D0%BD%D0%B8%D0%BA%D0%B5%2C%20%D0%9C%D0%BE%D1%81%D0%BA%D0%B2%D0%B0;"Источник координат: OpenStreetMap. Ссылки ведут к поиску в трёх агрегаторах; не означают автоматическое подтверждение карточки."
Детская инфекционная больница № 6;Адрес уточняется в агрегаторах/официальном источнике;hospital;кандидат: московское государственное учреждение;требуется подтверждение по официальному сайту и агрегаторам;relation;8342320;55.8285495;37.531825;"См. реестр/официальный сайт медицинской организации; автоматическая классификация не является подтверждением.";https://yandex.ru/maps/?text=%D0%94%D0%B5%D1%82%D1%81%D0%BA%D0%B0%D1%8F%20%D0%B8%D0%BD%D1%84%D0%B5%D0%BA%D1%86%D0%B8%D0%BE%D0%BD%D0%BD%D0%B0%D1%8F%20%D0%B1%D0%BE%D0%BB%D1%8C%D0%BD%D0%B8%D1%86%D0%B0%20%E2%84%96%206%2C%20%D0%90%D0%B4%D1%80%D0%B5%D1%81%20%D1%83%D1%82%D0%BE%D1%87%D0%BD%D1%8F%D0%B5%D1%82%D1%81%D1%8F%20%D0%B2%20%D0%B0%D0%B3%D1%80%D0%B5%D0%B3%D0%B0%D1%82%D0%BE%D1%80%D0%B0%D1%85/%D0%BE%D1%84%D0%B8%D1%86%D0%B8%D0%B0%D0%BB%D1%8C%D0%BD%D0%BE%D0%BC%20%D0%B8%D1%81%D1%82%D0%BE%D1%87%D0%BD%D0%B8%D0%BA%D0%B5%2C%20%D0%9C%D0%BE%D1%81%D0%BA%D0%B2%D0%B0;https://2gis.ru/moscow/search/%D0%94%D0%B5%D1%82%D1%81%D0%BA%D0%B0%D1%8F%20%D0%B8%D0%BD%D1%84%D0%B5%D0%BA%D1%86%D0%B8%D0%BE%D0%BD%D0%BD%D0%B0%D1%8F%20%D0%B1%D0%BE%D0%BB%D1%8C%D0%BD%D0%B8%D1%86%D0%B0%20%E2%84%96%206%2C%20%D0%90%D0%B4%D1%80%D0%B5%D1%81%20%D1%83%D1%82%D0%BE%D1%87%D0%BD%D1%8F%D0%B5%D1%82%D1%81%D1%8F%20%D0%B2%20%D0%B0%D0%B3%D1%80%D0%B5%D0%B3%D0%B0%D1%82%D0%BE%D1%80%D0%B0%D1%85/%D0%BE%D1%84%D0%B8%D1%86%D0%B8%D0%B0%D0%BB%D1%8C%D0%BD%D0%BE%D0%BC%20%D0%B8%D1%81%D1%82%D0%BE%D1%87%D0%BD%D0%B8%D0%BA%D0%B5%2C%20%D0%9C%D0%BE%D1%81%D0%BA%D0%B2%D0%B0;https://www.google.com/maps/search/?api=1&query=%D0%94%D0%B5%D1%82%D1%81%D0%BA%D0%B0%D1%8F%20%D0%B8%D0%BD%D1%84%D0%B5%D0%BA%D1%86%D0%B8%D0%BE%D0%BD%D0%BD%D0%B0%D1%8F%20%D0%B1%D0%BE%D0%BB%D1%8C%D0%BD%D0%B8%D1%86%D0%B0%20%E2%84%96%206%2C%20%D0%90%D0%B4%D1%80%D0%B5%D1%81%20%D1%83%D1%82%D0%BE%D1%87%D0%BD%D1%8F%D0%B5%D1%82%D1%81%D1%8F%20%D0%B2%20%D0%B0%D0%B3%D1%80%D0%B5%D0%B3%D0%B0%D1%82%D0%BE%D1%80%D0%B0%D1%85/%D0%BE%D1%84%D0%B8%D1%86%D0%B8%D0%B0%D0%BB%D1%8C%D0%BD%D0%BE%D0%BC%20%D0%B8%D1%81%D1%82%D0%BE%D1%87%D0%BD%D0%B8%D0%BA%D0%B5%2C%20%D0%9C%D0%BE%D1%81%D0%BA%D0%B2%D0%B0;"Источник координат: OpenStreetMap. Ссылки ведут к поиску в трёх агрегаторах; не означают автоматическое подтверждение карточки."
Детская инфекционная клиническая больница;Адрес уточняется в агрегаторах/официальном источнике;hospital;кандидат: московское государственное учреждение;требуется подтверждение по официальному сайту и агрегаторам;way;299301571;55.8472732;37.5182691;"См. реестр/официальный сайт медицинской организации; автоматическая классификация не является подтверждением.";https://yandex.ru/maps/?text=%D0%94%D0%B5%D1%82%D1%81%D0%BA%D0%B0%D1%8F%20%D0%B8%D0%BD%D1%84%D0%B5%D0%BA%D1%86%D0%B8%D0%BE%D0%BD%D0%BD%D0%B0%D1%8F%20%D0%BA%D0%BB%D0%B8%D0%BD%D0%B8%D1%87%D0%B5%D1%81%D0%BA%D0%B0%D1%8F%20%D0%B1%D0%BE%D0%BB%D1%8C%D0%BD%D0%B8%D1%86%D0%B0%2C%20%D0%90%D0%B4%D1%80%D0%B5%D1%81%20%D1%83%D1%82%D0%BE%D1%87%D0%BD%D1%8F%D0%B5%D1%82%D1%81%D1%8F%20%D0%B2%20%D0%B0%D0%B3%D1%80%D0%B5%D0%B3%D0%B0%D1%82%D0%BE%D1%80%D0%B0%D1%85/%D0%BE%D1%84%D0%B8%D1%86%D0%B8%D0%B0%D0%BB%D1%8C%D0%BD%D0%BE%D0%BC%20%D0%B8%D1%81%D1%82%D0%BE%D1%87%D0%BD%D0%B8%D0%BA%D0%B5%2C%20%D0%9C%D0%BE%D1%81%D0%BA%D0%B2%D0%B0;https://2gis.ru/moscow/search/%D0%94%D0%B5%D1%82%D1%81%D0%BA%D0%B0%D1%8F%20%D0%B8%D0%BD%D1%84%D0%B5%D0%BA%D1%86%D0%B8%D0%BE%D0%BD%D0%BD%D0%B0%D1%8F%20%D0%BA%D0%BB%D0%B8%D0%BD%D0%B8%D1%87%D0%B5%D1%81%D0%BA%D0%B0%D1%8F%20%D0%B1%D0%BE%D0%BB%D1%8C%D0%BD%D0%B8%D1%86%D0%B0%2C%20%D0%90%D0%B4%D1%80%D0%B5%D1%81%20%D1%83%D1%82%D0%BE%D1%87%D0%BD%D1%8F%D0%B5%D1%82%D1%81%D1%8F%20%D0%B2%20%D0%B0%D0%B3%D1%80%D0%B5%D0%B3%D0%B0%D1%82%D0%BE%D1%80%D0%B0%D1%85/%D0%BE%D1%84%D0%B8%D1%86%D0%B8%D0%B0%D0%BB%D1%8C%D0%BD%D0%BE%D0%BC%20%D0%B8%D1%81%D1%82%D0%BE%D1%87%D0%BD%D0%B8%D0%BA%D0%B5%2C%20%D0%9C%D0%BE%D1%81%D0%BA%D0%B2%D0%B0;https://www.google.com/maps/search/?api=1&query=%D0%94%D0%B5%D1%82%D1%81%D0%BA%D0%B0%D1%8F%20%D0%B8%D0%BD%D1%84%D0%B5%D0%BA%D1%86%D0%B8%D0%BE%D0%BD%D0%BD%D0%B0%D1%8F%20%D0%BA%D0%BB%D0%B8%D0%BD%D0%B8%D1%87%D0%B5%D1%81%D0%BA%D0%B0%D1%8F%20%D0%B1%D0%BE%D0%BB%D1%8C%D0%BD%D0%B8%D1%86%D0%B0%2C%20%D0%90%D0%B4%D1%80%D0%B5%D1%81%20%D1%83%D1%82%D0%BE%D1%87%D0%BD%D1%8F%D0%B5%D1%82%D1%81%D1%8F%20%D0%B2%20%D0%B0%D0%B3%D1%80%D0%B5%D0%B3%D0%B0%D1%82%D0%BE%D1%80%D0%B0%D1%85/%D0%BE%D1%84%D0%B8%D1%86%D0%B8%D0%B0%D0%BB%D1%8C%D0%BD%D0%BE%D0%BC%20%D0%B8%D1%81%D1%82%D0%BE%D1%87%D0%BD%D0%B8%D0%BA%D0%B5%2C%20%D0%9C%D0%BE%D1%81%D0%BA%D0%B2%D0%B0;"Источник координат: OpenStreetMap. Ссылки ведут к поиску в трёх агрегаторах; не означают автоматическое подтверждение карточки."
Женская консультация № 3;Адрес уточняется в агрегаторах/официальном источнике;clinic;кандидат: московское государственное учреждение;требуется подтверждение по официальному сайту и агрегаторам;node;4165804993;55.7975731;37.5437489;"См. реестр/официальный сайт медицинской организации; автоматическая классификация не является подтверждением.";https://yandex.ru/maps/?text=%D0%96%D0%B5%D0%BD%D1%81%D0%BA%D0%B0%D1%8F%20%D0%BA%D0%BE%D0%BD%D1%81%D1%83%D0%BB%D1%8C%D1%82%D0%B0%D1%86%D0%B8%D1%8F%20%E2%84%96%203%2C%20%D0%90%D0%B4%D1%80%D0%B5%D1%81%20%D1%83%D1%82%D0%BE%D1%87%D0%BD%D1%8F%D0%B5%D1%82%D1%81%D1%8F%20%D0%B2%20%D0%B0%D0%B3%D1%80%D0%B5%D0%B3%D0%B0%D1%82%D0%BE%D1%80%D0%B0%D1%85/%D0%BE%D1%84%D0%B8%D1%86%D0%B8%D0%B0%D0%BB%D1%8C%D0%BD%D0%BE%D0%BC%20%D0%B8%D1%81%D1%82%D0%BE%D1%87%D0%BD%D0%B8%D0%BA%D0%B5%2C%20%D0%9C%D0%BE%D1%81%D0%BA%D0%B2%D0%B0;https://2gis.ru/moscow/search/%D0%96%D0%B5%D0%BD%D1%81%D0%BA%D0%B0%D1%8F%20%D0%BA%D0%BE%D0%BD%D1%81%D1%83%D0%BB%D1%8C%D1%82%D0%B0%D1%86%D0%B8%D1%8F%20%E2%84%96%203%2C%20%D0%90%D0%B4%D1%80%D0%B5%D1%81%20%D1%83%D1%82%D0%BE%D1%87%D0%BD%D1%8F%D0%B5%D1%82%D1%81%D1%8F%20%D0%B2%20%D0%B0%D0%B3%D1%80%D0%B5%D0%B3%D0%B0%D1%82%D0%BE%D1%80%D0%B0%D1%85/%D0%BE%D1%84%D0%B8%D1%86%D0%B8%D0%B0%D0%BB%D1%8C%D0%BD%D0%BE%D0%BC%20%D0%B8%D1%81%D1%82%D0%BE%D1%87%D0%BD%D0%B8%D0%BA%D0%B5%2C%20%D0%9C%D0%BE%D1%81%D0%BA%D0%B2%D0%B0;https://www.google.com/maps/search/?api=1&query=%D0%96%D0%B5%D0%BD%D1%81%D0%BA%D0%B0%D1%8F%20%D0%BA%D0%BE%D0%BD%D1%81%D1%83%D0%BB%D1%8C%D1%82%D0%B0%D1%86%D0%B8%D1%8F%20%E2%84%96%203%2C%20%D0%90%D0%B4%D1%80%D0%B5%D1%81%20%D1%83%D1%82%D0%BE%D1%87%D0%BD%D1%8F%D0%B5%D1%82%D1%81%D1%8F%20%D0%B2%20%D0%B0%D0%B3%D1%80%D0%B5%D0%B3%D0%B0%D1%82%D0%BE%D1%80%D0%B0%D1%85/%D0%BE%D1%84%D0%B8%D1%86%D0%B8%D0%B0%D0%BB%D1%8C%D0%BD%D0%BE%D0%BC%20%D0%B8%D1%81%D1%82%D0%BE%D1%87%D0%BD%D0%B8%D0%BA%D0%B5%2C%20%D0%9C%D0%BE%D1%81%D0%BA%D0%B2%D0%B0;"Источник координат: OpenStreetMap. Ссылки ведут к поиску в трёх агрегаторах; не означают автоматическое подтверждение карточки."
Консультативно-поликлиническое отделение для детей до 3-х лет;Адрес уточняется в агрегаторах/официальном источнике;hospital;кандидат: московское государственное учреждение;требуется подтверждение по официальному сайту и агрегаторам;node;3300550538;55.8030875;37.5458826;"См. реестр/официальный сайт медицинской организации; автоматическая классификация не является подтверждением.";https://yandex.ru/maps/?text=%D0%9A%D0%BE%D0%BD%D1%81%D1%83%D0%BB%D1%8C%D1%82%D0%B0%D1%82%D0%B8%D0%B2%D0%BD%D0%BE-%D0%BF%D0%BE%D0%BB%D0%B8%D0%BA%D0%BB%D0%B8%D0%BD%D0%B8%D1%87%D0%B5%D1%81%D0%BA%D0%BE%D0%B5%20%D0%BE%D1%82%D0%B4%D0%B5%D0%BB%D0%B5%D0%BD%D0%B8%D0%B5%20%D0%B4%D0%BB%D1%8F%20%D0%B4%D0%B5%D1%82%D0%B5%D0%B9%20%D0%B4%D0%BE%203-%D1%85%20%D0%BB%D0%B5%D1%82%2C%20%D0%90%D0%B4%D1%80%D0%B5%D1%81%20%D1%83%D1%82%D0%BE%D1%87%D0%BD%D1%8F%D0%B5%D1%82%D1%81%D1%8F%20%D0%B2%20%D0%B0%D0%B3%D1%80%D0%B5%D0%B3%D0%B0%D1%82%D0%BE%D1%80%D0%B0%D1%85/%D0%BE%D1%84%D0%B8%D1%86%D0%B8%D0%B0%D0%BB%D1%8C%D0%BD%D0%BE%D0%BC%20%D0%B8%D1%81%D1%82%D0%BE%D1%87%D0%BD%D0%B8%D0%BA%D0%B5%2C%20%D0%9C%D0%BE%D1%81%D0%BA%D0%B2%D0%B0;https://2gis.ru/moscow/search/%D0%9A%D0%BE%D0%BD%D1%81%D1%83%D0%BB%D1%8C%D1%82%D0%B0%D1%82%D0%B8%D0%B2%D0%BD%D0%BE-%D0%BF%D0%BE%D0%BB%D0%B8%D0%BA%D0%BB%D0%B8%D0%BD%D0%B8%D1%87%D0%B5%D1%81%D0%BA%D0%BE%D0%B5%20%D0%BE%D1%82%D0%B4%D0%B5%D0%BB%D0%B5%D0%BD%D0%B8%D0%B5%20%D0%B4%D0%BB%D1%8F%20%D0%B4%D0%B5%D1%82%D0%B5%D0%B9%20%D0%B4%D0%BE%203-%D1%85%20%D0%BB%D0%B5%D1%82%2C%20%D0%90%D0%B4%D1%80%D0%B5%D1%81%20%D1%83%D1%82%D0%BE%D1%87%D0%BD%D1%8F%D0%B5%D1%82%D1%81%D1%8F%20%D0%B2%20%D0%B0%D0%B3%D1%80%D0%B5%D0%B3%D0%B0%D1%82%D0%BE%D1%80%D0%B0%D1%85/%D0%BE%D1%84%D0%B8%D1%86%D0%B8%D0%B0%D0%BB%D1%8C%D0%BD%D0%BE%D0%BC%20%D0%B8%D1%81%D1%82%D0%BE%D1%87%D0%BD%D0%B8%D0%BA%D0%B5%2C%20%D0%9C%D0%BE%D1%81%D0%BA%D0%B2%D0%B0;https://www.google.com/maps/search/?api=1&query=%D0%9A%D0%BE%D0%BD%D1%81%D1%83%D0%BB%D1%8C%D1%82%D0%B0%D1%82%D0%B8%D0%B2%D0%BD%D0%BE-%D0%BF%D0%BE%D0%BB%D0%B8%D0%BA%D0%BB%D0%B8%D0%BD%D0%B8%D1%87%D0%B5%D1%81%D0%BA%D0%BE%D0%B5%20%D0%BE%D1%82%D0%B4%D0%B5%D0%BB%D0%B5%D0%BD%D0%B8%D0%B5%20%D0%B4%D0%BB%D1%8F%20%D0%B4%D0%B5%D1%82%D0%B5%D0%B9%20%D0%B4%D0%BE%203-%D1%85%20%D0%BB%D0%B5%D1%82%2C%20%D0%90%D0%B4%D1%80%D0%B5%D1%81%20%D1%83%D1%82%D0%BE%D1%87%D0%BD%D1%8F%D0%B5%D1%82%D1%81%D1%8F%20%D0%B2%20%D0%B0%D0%B3%D1%80%D0%B5%D0%B3%D0%B0%D1%82%D0%BE%D1%80%D0%B0%D1%85/%D0%BE%D1%84%D0%B8%D1%86%D0%B8%D0%B0%D0%BB%D1%8C%D0%BD%D0%BE%D0%BC%20%D0%B8%D1%81%D1%82%D0%BE%D1%87%D0%BD%D0%B8%D0%BA%D0%B5%2C%20%D0%9C%D0%BE%D1%81%D0%BA%D0%B2%D0%B0;"Источник координат: OpenStreetMap. Ссылки ведут к поиску в трёх агрегаторах; не означают автоматическое подтверждение карточки."
Медсанчасть № 1 ФГБУЗ ЦМСЧ № 119 ФМБА России;Онежская улица, 18 к4;clinic;кандидат: московское государственное учреждение;требуется подтверждение по официальному сайту и агрегаторам;way;127553826;55.8517311;37.5228374;"См. реестр/официальный сайт медицинской организации; автоматическая классификация не является подтверждением.";https://yandex.ru/maps/?text=%D0%9C%D0%B5%D0%B4%D1%81%D0%B0%D0%BD%D1%87%D0%B0%D1%81%D1%82%D1%8C%20%E2%84%96%201%20%D0%A4%D0%93%D0%91%D0%A3%D0%97%20%D0%A6%D0%9C%D0%A1%D0%A7%20%E2%84%96%20119%20%D0%A4%D0%9C%D0%91%D0%90%20%D0%A0%D0%BE%D1%81%D1%81%D0%B8%D0%B8%2C%20%D0%9E%D0%BD%D0%B5%D0%B6%D1%81%D0%BA%D0%B0%D1%8F%20%D1%83%D0%BB%D0%B8%D1%86%D0%B0%2C%2018%20%D0%BA4%2C%20%D0%9C%D0%BE%D1%81%D0%BA%D0%B2%D0%B0;https://2gis.ru/moscow/search/%D0%9C%D0%B5%D0%B4%D1%81%D0%B0%D0%BD%D1%87%D0%B0%D1%81%D1%82%D1%8C%20%E2%84%96%201%20%D0%A4%D0%93%D0%91%D0%A3%D0%97%20%D0%A6%D0%9C%D0%A1%D0%A7%20%E2%84%96%20119%20%D0%A4%D0%9C%D0%91%D0%90%20%D0%A0%D0%BE%D1%81%D1%81%D0%B8%D0%B8%2C%20%D0%9E%D0%BD%D0%B5%D0%B6%D1%81%D0%BA%D0%B0%D1%8F%20%D1%83%D0%BB%D0%B8%D1%86%D0%B0%2C%2018%20%D0%BA4%2C%20%D0%9C%D0%BE%D1%81%D0%BA%D0%B2%D0%B0;https://www.google.com/maps/search/?api=1&query=%D0%9C%D0%B5%D0%B4%D1%81%D0%B0%D0%BD%D1%87%D0%B0%D1%81%D1%82%D1%8C%20%E2%84%96%201%20%D0%A4%D0%93%D0%91%D0%A3%D0%97%20%D0%A6%D0%9C%D0%A1%D0%A7%20%E2%84%96%20119%20%D0%A4%D0%9C%D0%91%D0%90%20%D0%A0%D0%BE%D1%81%D1%81%D0%B8%D0%B8%2C%20%D0%9E%D0%BD%D0%B5%D0%B6%D1%81%D0%BA%D0%B0%D1%8F%20%D1%83%D0%BB%D0%B8%D1%86%D0%B0%2C%2018%20%D0%BA4%2C%20%D0%9C%D0%BE%D1%81%D0%BA%D0%B2%D0%B0;"Источник координат: OpenStreetMap. Ссылки ведут к поиску в трёх агрегаторах; не означают автоматическое подтверждение карточки."
Наркологический диспансер №2;Адрес уточняется в агрегаторах/официальном источнике;clinic;кандидат: московское государственное учреждение;требуется подтверждение по официальному сайту и агрегаторам;node;1351235455;55.7797999;37.518037;"См. реестр/официальный сайт медицинской организации; автоматическая классификация не является подтверждением.";https://yandex.ru/maps/?text=%D0%9D%D0%B0%D1%80%D0%BA%D0%BE%D0%BB%D0%BE%D0%B3%D0%B8%D1%87%D0%B5%D1%81%D0%BA%D0%B8%D0%B9%20%D0%B4%D0%B8%D1%81%D0%BF%D0%B0%D0%BD%D1%81%D0%B5%D1%80%20%E2%84%962%2C%20%D0%90%D0%B4%D1%80%D0%B5%D1%81%20%D1%83%D1%82%D0%BE%D1%87%D0%BD%D1%8F%D0%B5%D1%82%D1%81%D1%8F%20%D0%B2%20%D0%B0%D0%B3%D1%80%D0%B5%D0%B3%D0%B0%D1%82%D0%BE%D1%80%D0%B0%D1%85/%D0%BE%D1%84%D0%B8%D1%86%D0%B8%D0%B0%D0%BB%D1%8C%D0%BD%D0%BE%D0%BC%20%D0%B8%D1%81%D1%82%D0%BE%D1%87%D0%BD%D0%B8%D0%BA%D0%B5%2C%20%D0%9C%D0%BE%D1%81%D0%BA%D0%B2%D0%B0;https://2gis.ru/moscow/search/%D0%9D%D0%B0%D1%80%D0%BA%D0%BE%D0%BB%D0%BE%D0%B3%D0%B8%D1%87%D0%B5%D1%81%D0%BA%D0%B8%D0%B9%20%D0%B4%D0%B8%D1%81%D0%BF%D0%B0%D0%BD%D1%81%D0%B5%D1%80%20%E2%84%962%2C%20%D0%90%D0%B4%D1%80%D0%B5%D1%81%20%D1%83%D1%82%D0%BE%D1%87%D0%BD%D1%8F%D0%B5%D1%82%D1%81%D1%8F%20%D0%B2%20%D0%B0%D0%B3%D1%80%D0%B5%D0%B3%D0%B0%D1%82%D0%BE%D1%80%D0%B0%D1%85/%D0%BE%D1%84%D0%B8%D1%86%D0%B8%D0%B0%D0%BB%D1%8C%D0%BD%D0%BE%D0%BC%20%D0%B8%D1%81%D1%82%D0%BE%D1%87%D0%BD%D0%B8%D0%BA%D0%B5%2C%20%D0%9C%D0%BE%D1%81%D0%BA%D0%B2%D0%B0;https://www.google.com/maps/search/?api=1&query=%D0%9D%D0%B0%D1%80%D0%BA%D0%BE%D0%BB%D0%BE%D0%B3%D0%B8%D1%87%D0%B5%D1%81%D0%BA%D0%B8%D0%B9%20%D0%B4%D0%B8%D1%81%D0%BF%D0%B0%D0%BD%D1%81%D0%B5%D1%80%20%E2%84%962%2C%20%D0%90%D0%B4%D1%80%D0%B5%D1%81%20%D1%83%D1%82%D0%BE%D1%87%D0%BD%D1%8F%D0%B5%D1%82%D1%81%D1%8F%20%D0%B2%20%D0%B0%D0%B3%D1%80%D0%B5%D0%B3%D0%B0%D1%82%D0%BE%D1%80%D0%B0%D1%85/%D0%BE%D1%84%D0%B8%D1%86%D0%B8%D0%B0%D0%BB%D1%8C%D0%BD%D0%BE%D0%BC%20%D0%B8%D1%81%D1%82%D0%BE%D1%87%D0%BD%D0%B8%D0%BA%D0%B5%2C%20%D0%9C%D0%BE%D1%81%D0%BA%D0%B2%D0%B0;"Источник координат: OpenStreetMap. Ссылки ведут к поиску в трёх агрегаторах; не означают автоматическое подтверждение карточки."
Поликлиника №193;улица Маршала Федоренко, 6 с1;clinic;кандидат: московское государственное учреждение;требуется подтверждение по официальному сайту и агрегаторам;way;28573158;55.880079;37.4923335;"См. реестр/официальный сайт медицинской организации; автоматическая классификация не является подтверждением.";https://yandex.ru/maps/?text=%D0%9F%D0%BE%D0%BB%D0%B8%D0%BA%D0%BB%D0%B8%D0%BD%D0%B8%D0%BA%D0%B0%20%E2%84%96193%2C%20%D1%83%D0%BB%D0%B8%D1%86%D0%B0%20%D0%9C%D0%B0%D1%80%D1%88%D0%B0%D0%BB%D0%B0%20%D0%A4%D0%B5%D0%B4%D0%BE%D1%80%D0%B5%D0%BD%D0%BA%D0%BE%2C%206%20%D1%811%2C%20%D0%9C%D0%BE%D1%81%D0%BA%D0%B2%D0%B0;https://2gis.ru/moscow/search/%D0%9F%D0%BE%D0%BB%D0%B8%D0%BA%D0%BB%D0%B8%D0%BD%D0%B8%D0%BA%D0%B0%20%E2%84%96193%2C%20%D1%83%D0%BB%D0%B8%D1%86%D0%B0%20%D0%9C%D0%B0%D1%80%D1%88%D0%B0%D0%BB%D0%B0%20%D0%A4%D0%B5%D0%B4%D0%BE%D1%80%D0%B5%D0%BD%D0%BA%D0%BE%2C%206%20%D1%811%2C%20%D0%9C%D0%BE%D1%81%D0%BA%D0%B2%D0%B0;https://www.google.com/maps/search/?api=1&query=%D0%9F%D0%BE%D0%BB%D0%B8%D0%BA%D0%BB%D0%B8%D0%BD%D0%B8%D0%BA%D0%B0%20%E2%84%96193%2C%20%D1%83%D0%BB%D0%B8%D1%86%D0%B0%20%D0%9C%D0%B0%D1%80%D1%88%D0%B0%D0%BB%D0%B0%20%D0%A4%D0%B5%D0%B4%D0%BE%D1%80%D0%B5%D0%BD%D0%BA%D0%BE%2C%206%20%D1%811%2C%20%D0%9C%D0%BE%D1%81%D0%BA%D0%B2%D0%B0;"Источник координат: OpenStreetMap. Ссылки ведут к поиску в трёх агрегаторах; не означают автоматическое подтверждение карточки."
Психоневрологический диспансер № 5;Адрес уточняется в агрегаторах/официальном источнике;clinic;кандидат: московское государственное учреждение;требуется подтверждение по официальному сайту и агрегаторам;node;5152807321;55.8127785;37.5721947;"См. реестр/официальный сайт медицинской организации; автоматическая классификация не является подтверждением.";https://yandex.ru/maps/?text=%D0%9F%D1%81%D0%B8%D1%85%D0%BE%D0%BD%D0%B5%D0%B2%D1%80%D0%BE%D0%BB%D0%BE%D0%B3%D0%B8%D1%87%D0%B5%D1%81%D0%BA%D0%B8%D0%B9%20%D0%B4%D0%B8%D1%81%D0%BF%D0%B0%D0%BD%D1%81%D0%B5%D1%80%20%E2%84%96%205%2C%20%D0%90%D0%B4%D1%80%D0%B5%D1%81%20%D1%83%D1%82%D0%BE%D1%87%D0%BD%D1%8F%D0%B5%D1%82%D1%81%D1%8F%20%D0%B2%20%D0%B0%D0%B3%D1%80%D0%B5%D0%B3%D0%B0%D1%82%D0%BE%D1%80%D0%B0%D1%85/%D0%BE%D1%84%D0%B8%D1%86%D0%B8%D0%B0%D0%BB%D1%8C%D0%BD%D0%BE%D0%BC%20%D0%B8%D1%81%D1%82%D0%BE%D1%87%D0%BD%D0%B8%D0%BA%D0%B5%2C%20%D0%9C%D0%BE%D1%81%D0%BA%D0%B2%D0%B0;https://2gis.ru/moscow/search/%D0%9F%D1%81%D0%B8%D1%85%D0%BE%D0%BD%D0%B5%D0%B2%D1%80%D0%BE%D0%BB%D0%BE%D0%B3%D0%B8%D1%87%D0%B5%D1%81%D0%BA%D0%B8%D0%B9%20%D0%B4%D0%B8%D1%81%D0%BF%D0%B0%D0%BD%D1%81%D0%B5%D1%80%20%E2%84%96%205%2C%20%D0%90%D0%B4%D1%80%D0%B5%D1%81%20%D1%83%D1%82%D0%BE%D1%87%D0%BD%D1%8F%D0%B5%D1%82%D1%81%D1%8F%20%D0%B2%20%D0%B0%D0%B3%D1%80%D0%B5%D0%B3%D0%B0%D1%82%D0%BE%D1%80%D0%B0%D1%85/%D0%BE%D1%84%D0%B8%D1%86%D0%B8%D0%B0%D0%BB%D1%8C%D0%BD%D0%BE%D0%BC%20%D0%B8%D1%81%D1%82%D0%BE%D1%87%D0%BD%D0%B8%D0%BA%D0%B5%2C%20%D0%9C%D0%BE%D1%81%D0%BA%D0%B2%D0%B0;https://www.google.com/maps/search/?api=1&query=%D0%9F%D1%81%D0%B8%D1%85%D0%BE%D0%BD%D0%B5%D0%B2%D1%80%D0%BE%D0%BB%D0%BE%D0%B3%D0%B8%D1%87%D0%B5%D1%81%D0%BA%D0%B8%D0%B9%20%D0%B4%D0%B8%D1%81%D0%BF%D0%B0%D0%BD%D1%81%D0%B5%D1%80%20%E2%84%96%205%2C%20%D0%90%D0%B4%D1%80%D0%B5%D1%81%20%D1%83%D1%82%D0%BE%D1%87%D0%BD%D1%8F%D0%B5%D1%82%D1%81%D1%8F%20%D0%B2%20%D0%B0%D0%B3%D1%80%D0%B5%D0%B3%D0%B0%D1%82%D0%BE%D1%80%D0%B0%D1%85/%D0%BE%D1%84%D0%B8%D1%86%D0%B8%D0%B0%D0%BB%D1%8C%D0%BD%D0%BE%D0%BC%20%D0%B8%D1%81%D1%82%D0%BE%D1%87%D0%BD%D0%B8%D0%BA%D0%B5%2C%20%D0%9C%D0%BE%D1%81%D0%BA%D0%B2%D0%B0;"Источник координат: OpenStreetMap. Ссылки ведут к поиску в трёх агрегаторах; не означают автоматическое подтверждение карточки."
Стоматологическая поликлиника № 11;Адрес уточняется в агрегаторах/официальном источнике;dentist;кандидат: московское государственное учреждение;требуется подтверждение по официальному сайту и агрегаторам;relation;11980713;55.7957088;37.5812991;"См. реестр/официальный сайт медицинской организации; автоматическая классификация не является подтверждением.";https://yandex.ru/maps/?text=%D0%A1%D1%82%D0%BE%D0%BC%D0%B0%D1%82%D0%BE%D0%BB%D0%BE%D0%B3%D0%B8%D1%87%D0%B5%D1%81%D0%BA%D0%B0%D1%8F%20%D0%BF%D0%BE%D0%BB%D0%B8%D0%BA%D0%BB%D0%B8%D0%BD%D0%B8%D0%BA%D0%B0%20%E2%84%96%2011%2C%20%D0%90%D0%B4%D1%80%D0%B5%D1%81%20%D1%83%D1%82%D0%BE%D1%87%D0%BD%D1%8F%D0%B5%D1%82%D1%81%D1%8F%20%D0%B2%20%D0%B0%D0%B3%D1%80%D0%B5%D0%B3%D0%B0%D1%82%D0%BE%D1%80%D0%B0%D1%85/%D0%BE%D1%84%D0%B8%D1%86%D0%B8%D0%B0%D0%BB%D1%8C%D0%BD%D0%BE%D0%BC%20%D0%B8%D1%81%D1%82%D0%BE%D1%87%D0%BD%D0%B8%D0%BA%D0%B5%2C%20%D0%9C%D0%BE%D1%81%D0%BA%D0%B2%D0%B0;https://2gis.ru/moscow/search/%D0%A1%D1%82%D0%BE%D0%BC%D0%B0%D1%82%D0%BE%D0%BB%D0%BE%D0%B3%D0%B8%D1%87%D0%B5%D1%81%D0%BA%D0%B0%D1%8F%20%D0%BF%D0%BE%D0%BB%D0%B8%D0%BA%D0%BB%D0%B8%D0%BD%D0%B8%D0%BA%D0%B0%20%E2%84%96%2011%2C%20%D0%90%D0%B4%D1%80%D0%B5%D1%81%20%D1%83%D1%82%D0%BE%D1%87%D0%BD%D1%8F%D0%B5%D1%82%D1%81%D1%8F%20%D0%B2%20%D0%B0%D0%B3%D1%80%D0%B5%D0%B3%D0%B0%D1%82%D0%BE%D1%80%D0%B0%D1%85/%D0%BE%D1%84%D0%B8%D1%86%D0%B8%D0%B0%D0%BB%D1%8C%D0%BD%D0%BE%D0%BC%20%D0%B8%D1%81%D1%82%D0%BE%D1%87%D0%BD%D0%B8%D0%BA%D0%B5%2C%20%D0%9C%D0%BE%D1%81%D0%BA%D0%B2%D0%B0;https://www.google.com/maps/search/?api=1&query=%D0%A1%D1%82%D0%BE%D0%BC%D0%B0%D1%82%D0%BE%D0%BB%D0%BE%D0%B3%D0%B8%D1%87%D0%B5%D1%81%D0%BA%D0%B0%D1%8F%20%D0%BF%D0%BE%D0%BB%D0%B8%D0%BA%D0%BB%D0%B8%D0%BD%D0%B8%D0%BA%D0%B0%20%E2%84%96%2011%2C%20%D0%90%D0%B4%D1%80%D0%B5%D1%81%20%D1%83%D1%82%D0%BE%D1%87%D0%BD%D1%8F%D0%B5%D1%82%D1%81%D1%8F%20%D0%B2%20%D0%B0%D0%B3%D1%80%D0%B5%D0%B3%D0%B0%D1%82%D0%BE%D1%80%D0%B0%D1%85/%D0%BE%D1%84%D0%B8%D1%86%D0%B8%D0%B0%D0%BB%D1%8C%D0%BD%D0%BE%D0%BC%20%D0%B8%D1%81%D1%82%D0%BE%D1%87%D0%BD%D0%B8%D0%BA%D0%B5%2C%20%D0%9C%D0%BE%D1%81%D0%BA%D0%B2%D0%B0;"Источник координат: OpenStreetMap. Ссылки ведут к поиску в трёх агрегаторах; не означают автоматическое подтверждение карточки."
Туберкулезный диспансер № 16;Адрес уточняется в агрегаторах/официальном источнике;clinic;кандидат: московское государственное учреждение;требуется подтверждение по официальному сайту и агрегаторам;relation;11322793;55.8365209;37.507401;"См. реестр/официальный сайт медицинской организации; автоматическая классификация не является подтверждением.";https://yandex.ru/maps/?text=%D0%A2%D1%83%D0%B1%D0%B5%D1%80%D0%BA%D1%83%D0%BB%D0%B5%D0%B7%D0%BD%D1%8B%D0%B9%20%D0%B4%D0%B8%D1%81%D0%BF%D0%B0%D0%BD%D1%81%D0%B5%D1%80%20%E2%84%96%2016%2C%20%D0%90%D0%B4%D1%80%D0%B5%D1%81%20%D1%83%D1%82%D0%BE%D1%87%D0%BD%D1%8F%D0%B5%D1%82%D1%81%D1%8F%20%D0%B2%20%D0%B0%D0%B3%D1%80%D0%B5%D0%B3%D0%B0%D1%82%D0%BE%D1%80%D0%B0%D1%85/%D0%BE%D1%84%D0%B8%D1%86%D0%B8%D0%B0%D0%BB%D1%8C%D0%BD%D0%BE%D0%BC%20%D0%B8%D1%81%D1%82%D0%BE%D1%87%D0%BD%D0%B8%D0%BA%D0%B5%2C%20%D0%9C%D0%BE%D1%81%D0%BA%D0%B2%D0%B0;https://2gis.ru/moscow/search/%D0%A2%D1%83%D0%B1%D0%B5%D1%80%D0%BA%D1%83%D0%BB%D0%B5%D0%B7%D0%BD%D1%8B%D0%B9%20%D0%B4%D0%B8%D1%81%D0%BF%D0%B0%D0%BD%D1%81%D0%B5%D1%80%20%E2%84%96%2016%2C%20%D0%90%D0%B4%D1%80%D0%B5%D1%81%20%D1%83%D1%82%D0%BE%D1%87%D0%BD%D1%8F%D0%B5%D1%82%D1%81%D1%8F%20%D0%B2%20%D0%B0%D0%B3%D1%80%D0%B5%D0%B3%D0%B0%D1%82%D0%BE%D1%80%D0%B0%D1%85/%D0%BE%D1%84%D0%B8%D1%86%D0%B8%D0%B0%D0%BB%D1%8C%D0%BD%D0%BE%D0%BC%20%D0%B8%D1%81%D1%82%D0%BE%D1%87%D0%BD%D0%B8%D0%BA%D0%B5%2C%20%D0%9C%D0%BE%D1%81%D0%BA%D0%B2%D0%B0;https://www.google.com/maps/search/?api=1&query=%D0%A2%D1%83%D0%B1%D0%B5%D1%80%D0%BA%D1%83%D0%BB%D0%B5%D0%B7%D0%BD%D1%8B%D0%B9%20%D0%B4%D0%B8%D1%81%D0%BF%D0%B0%D0%BD%D1%81%D0%B5%D1%80%20%E2%84%96%2016%2C%20%D0%90%D0%B4%D1%80%D0%B5%D1%81%20%D1%83%D1%82%D0%BE%D1%87%D0%BD%D1%8F%D0%B5%D1%82%D1%81%D1%8F%20%D0%B2%20%D0%B0%D0%B3%D1%80%D0%B5%D0%B3%D0%B0%D1%82%D0%BE%D1%80%D0%B0%D1%85/%D0%BE%D1%84%D0%B8%D1%86%D0%B8%D0%B0%D0%BB%D1%8C%D0%BD%D0%BE%D0%BC%20%D0%B8%D1%81%D1%82%D0%BE%D1%87%D0%BD%D0%B8%D0%BA%D0%B5%2C%20%D0%9C%D0%BE%D1%81%D0%BA%D0%B2%D0%B0;"Источник координат: OpenStreetMap. Ссылки ведут к поиску в трёх агрегаторах; не означают автоматическое подтверждение карточки."
"ФГБУ ""52 консультативно-диагностический центр""";Адрес уточняется в агрегаторах/официальном источнике;clinic;кандидат: федеральное/ведомственное государственное учреждение;требуется подтверждение по официальному сайту и агрегаторам;relation;15001926;55.7976043;37.5499642;"См. реестр/официальный сайт медицинской организации; автоматическая классификация не является подтверждением.";https://yandex.ru/maps/?text=%D0%A4%D0%93%D0%91%D0%A3%20%2252%20%D0%BA%D0%BE%D0%BD%D1%81%D1%83%D0%BB%D1%8C%D1%82%D0%B0%D1%82%D0%B8%D0%B2%D0%BD%D0%BE-%D0%B4%D0%B8%D0%B0%D0%B3%D0%BD%D0%BE%D1%81%D1%82%D0%B8%D1%87%D0%B5%D1%81%D0%BA%D0%B8%D0%B9%20%D1%86%D0%B5%D0%BD%D1%82%D1%80%22%2C%20%D0%90%D0%B4%D1%80%D0%B5%D1%81%20%D1%83%D1%82%D0%BE%D1%87%D0%BD%D1%8F%D0%B5%D1%82%D1%81%D1%8F%20%D0%B2%20%D0%B0%D0%B3%D1%80%D0%B5%D0%B3%D0%B0%D1%82%D0%BE%D1%80%D0%B0%D1%85/%D0%BE%D1%84%D0%B8%D1%86%D0%B8%D0%B0%D0%BB%D1%8C%D0%BD%D0%BE%D0%BC%20%D0%B8%D1%81%D1%82%D0%BE%D1%87%D0%BD%D0%B8%D0%BA%D0%B5%2C%20%D0%9C%D0%BE%D1%81%D0%BA%D0%B2%D0%B0;https://2gis.ru/moscow/search/%D0%A4%D0%93%D0%91%D0%A3%20%2252%20%D0%BA%D0%BE%D0%BD%D1%81%D1%83%D0%BB%D1%8C%D1%82%D0%B0%D1%82%D0%B8%D0%B2%D0%BD%D0%BE-%D0%B4%D0%B8%D0%B0%D0%B3%D0%BD%D0%BE%D1%81%D1%82%D0%B8%D1%87%D0%B5%D1%81%D0%BA%D0%B8%D0%B9%20%D1%86%D0%B5%D0%BD%D1%82%D1%80%22%2C%20%D0%90%D0%B4%D1%80%D0%B5%D1%81%20%D1%83%D1%82%D0%BE%D1%87%D0%BD%D1%8F%D0%B5%D1%82%D1%81%D1%8F%20%D0%B2%20%D0%B0%D0%B3%D1%80%D0%B5%D0%B3%D0%B0%D1%82%D0%BE%D1%80%D0%B0%D1%85/%D0%BE%D1%84%D0%B8%D1%86%D0%B8%D0%B0%D0%BB%D1%8C%D0%BD%D0%BE%D0%BC%20%D0%B8%D1%81%D1%82%D0%BE%D1%87%D0%BD%D0%B8%D0%BA%D0%B5%2C%20%D0%9C%D0%BE%D1%81%D0%BA%D0%B2%D0%B0;https://www.google.com/maps/search/?api=1&query=%D0%A4%D0%93%D0%91%D0%A3%20%2252%20%D0%BA%D0%BE%D0%BD%D1%81%D1%83%D0%BB%D1%8C%D1%82%D0%B0%D1%82%D0%B8%D0%B2%D0%BD%D0%BE-%D0%B4%D0%B8%D0%B0%D0%B3%D0%BD%D0%BE%D1%81%D1%82%D0%B8%D1%87%D0%B5%D1%81%D0%BA%D0%B8%D0%B9%20%D1%86%D0%B5%D0%BD%D1%82%D1%80%22%2C%20%D0%90%D0%B4%D1%80%D0%B5%D1%81%20%D1%83%D1%82%D0%BE%D1%87%D0%BD%D1%8F%D0%B5%D1%82%D1%81%D1%8F%20%D0%B2%20%D0%B0%D0%B3%D1%80%D0%B5%D0%B3%D0%B0%D1%82%D0%BE%D1%80%D0%B0%D1%85/%D0%BE%D1%84%D0%B8%D1%86%D0%B8%D0%B0%D0%BB%D1%8C%D0%BD%D0%BE%D0%BC%20%D0%B8%D1%81%D1%82%D0%BE%D1%87%D0%BD%D0%B8%D0%BA%D0%B5%2C%20%D0%9C%D0%BE%D1%81%D0%BA%D0%B2%D0%B0;"Источник координат: OpenStreetMap. Ссылки ведут к поиску в трёх агрегаторах; не означают автоматическое подтверждение карточки."
ФГБУ «НМИЦ ТО им. Н. Н. Приорова» Минздрава России;Адрес уточняется в агрегаторах/официальном источнике;hospital;кандидат: федеральное/ведомственное государственное учреждение;требуется подтверждение по официальному сайту и агрегаторам;relation;7838471;55.8201617;37.530229;"См. реестр/официальный сайт медицинской организации; автоматическая классификация не является подтверждением.";https://yandex.ru/maps/?text=%D0%A4%D0%93%D0%91%D0%A3%20%C2%AB%D0%9D%D0%9C%D0%98%D0%A6%20%D0%A2%D0%9E%20%D0%B8%D0%BC.%20%D0%9D.%20%D0%9D.%20%D0%9F%D1%80%D0%B8%D0%BE%D1%80%D0%BE%D0%B2%D0%B0%C2%BB%20%D0%9C%D0%B8%D0%BD%D0%B7%D0%B4%D1%80%D0%B0%D0%B2%D0%B0%20%D0%A0%D0%BE%D1%81%D1%81%D0%B8%D0%B8%2C%20%D0%90%D0%B4%D1%80%D0%B5%D1%81%20%D1%83%D1%82%D0%BE%D1%87%D0%BD%D1%8F%D0%B5%D1%82%D1%81%D1%8F%20%D0%B2%20%D0%B0%D0%B3%D1%80%D0%B5%D0%B3%D0%B0%D1%82%D0%BE%D1%80%D0%B0%D1%85/%D0%BE%D1%84%D0%B8%D1%86%D0%B8%D0%B0%D0%BB%D1%8C%D0%BD%D0%BE%D0%BC%20%D0%B8%D1%81%D1%82%D0%BE%D1%87%D0%BD%D0%B8%D0%BA%D0%B5%2C%20%D0%9C%D0%BE%D1%81%D0%BA%D0%B2%D0%B0;https://2gis.ru/moscow/search/%D0%A4%D0%93%D0%91%D0%A3%20%C2%AB%D0%9D%D0%9C%D0%98%D0%A6%20%D0%A2%D0%9E%20%D0%B8%D0%BC.%20%D0%9D.%20%D0%9D.%20%D0%9F%D1%80%D0%B8%D0%BE%D1%80%D0%BE%D0%B2%D0%B0%C2%BB%20%D0%9C%D0%B8%D0%BD%D0%B7%D0%B4%D1%80%D0%B0%D0%B2%D0%B0%20%D0%A0%D0%BE%D1%81%D1%81%D0%B8%D0%B8%2C%20%D0%90%D0%B4%D1%80%D0%B5%D1%81%20%D1%83%D1%82%D0%BE%D1%87%D0%BD%D1%8F%D0%B5%D1%82%D1%81%D1%8F%20%D0%B2%20%D0%B0%D0%B3%D1%80%D0%B5%D0%B3%D0%B0%D1%82%D0%BE%D1%80%D0%B0%D1%85/%D0%BE%D1%84%D0%B8%D1%86%D0%B8%D0%B0%D0%BB%D1%8C%D0%BD%D0%BE%D0%BC%20%D0%B8%D1%81%D1%82%D0%BE%D1%87%D0%BD%D0%B8%D0%BA%D0%B5%2C%20%D0%9C%D0%BE%D1%81%D0%BA%D0%B2%D0%B0;https://www.google.com/maps/search/?api=1&query=%D0%A4%D0%93%D0%91%D0%A3%20%C2%AB%D0%9D%D0%9C%D0%98%D0%A6%20%D0%A2%D0%9E%20%D0%B8%D0%BC.%20%D0%9D.%20%D0%9D.%20%D0%9F%D1%80%D0%B8%D0%BE%D1%80%D0%BE%D0%B2%D0%B0%C2%BB%20%D0%9C%D0%B8%D0%BD%D0%B7%D0%B4%D1%80%D0%B0%D0%B2%D0%B0%20%D0%A0%D0%BE%D1%81%D1%81%D0%B8%D0%B8%2C%20%D0%90%D0%B4%D1%80%D0%B5%D1%81%20%D1%83%D1%82%D0%BE%D1%87%D0%BD%D1%8F%D0%B5%D1%82%D1%81%D1%8F%20%D0%B2%20%D0%B0%D0%B3%D1%80%D0%B5%D0%B3%D0%B0%D1%82%D0%BE%D1%80%D0%B0%D1%85/%D0%BE%D1%84%D0%B8%D1%86%D0%B8%D0%B0%D0%BB%D1%8C%D0%BD%D0%BE%D0%BC%20%D0%B8%D1%81%D1%82%D0%BE%D1%87%D0%BD%D0%B8%D0%BA%D0%B5%2C%20%D0%9C%D0%BE%D1%81%D0%BA%D0%B2%D0%B0;"Источник координат: OpenStreetMap. Ссылки ведут к поиску в трёх агрегаторах; не означают автоматическое подтверждение карточки."
Центральная клиническая психиатрическая больница им. Ф.А.Усольцева;улица 8 Марта, 1;hospital;кандидат: федеральное/ведомственное государственное учреждение;требуется подтверждение по официальному сайту и агрегаторам;relation;7774722;55.8000147;37.5549138;"См. реестр/официальный сайт медицинской организации; автоматическая классификация не является подтверждением.";https://yandex.ru/maps/?text=%D0%A6%D0%B5%D0%BD%D1%82%D1%80%D0%B0%D0%BB%D1%8C%D0%BD%D0%B0%D1%8F%20%D0%BA%D0%BB%D0%B8%D0%BD%D0%B8%D1%87%D0%B5%D1%81%D0%BA%D0%B0%D1%8F%20%D0%BF%D1%81%D0%B8%D1%85%D0%B8%D0%B0%D1%82%D1%80%D0%B8%D1%87%D0%B5%D1%81%D0%BA%D0%B0%D1%8F%20%D0%B1%D0%BE%D0%BB%D1%8C%D0%BD%D0%B8%D1%86%D0%B0%20%D0%B8%D0%BC.%20%D0%A4.%D0%90.%D0%A3%D1%81%D0%BE%D0%BB%D1%8C%D1%86%D0%B5%D0%B2%D0%B0%2C%20%D1%83%D0%BB%D0%B8%D1%86%D0%B0%208%20%D0%9C%D0%B0%D1%80%D1%82%D0%B0%2C%201%2C%20%D0%9C%D0%BE%D1%81%D0%BA%D0%B2%D0%B0;https://2gis.ru/moscow/search/%D0%A6%D0%B5%D0%BD%D1%82%D1%80%D0%B0%D0%BB%D1%8C%D0%BD%D0%B0%D1%8F%20%D0%BA%D0%BB%D0%B8%D0%BD%D0%B8%D1%87%D0%B5%D1%81%D0%BA%D0%B0%D1%8F%20%D0%BF%D1%81%D0%B8%D1%85%D0%B8%D0%B0%D1%82%D1%80%D0%B8%D1%87%D0%B5%D1%81%D0%BA%D0%B0%D1%8F%20%D0%B1%D0%BE%D0%BB%D1%8C%D0%BD%D0%B8%D1%86%D0%B0%20%D0%B8%D0%BC.%20%D0%A4.%D0%90.%D0%A3%D1%81%D0%BE%D0%BB%D1%8C%D1%86%D0%B5%D0%B2%D0%B0%2C%20%D1%83%D0%BB%D0%B8%D1%86%D0%B0%208%20%D0%9C%D0%B0%D1%80%D1%82%D0%B0%2C%201%2C%20%D0%9C%D0%BE%D1%81%D0%BA%D0%B2%D0%B0;https://www.google.com/maps/search/?api=1&query=%D0%A6%D0%B5%D0%BD%D1%82%D1%80%D0%B0%D0%BB%D1%8C%D0%BD%D0%B0%D1%8F%20%D0%BA%D0%BB%D0%B8%D0%BD%D0%B8%D1%87%D0%B5%D1%81%D0%BA%D0%B0%D1%8F%20%D0%BF%D1%81%D0%B8%D1%85%D0%B8%D0%B0%D1%82%D1%80%D0%B8%D1%87%D0%B5%D1%81%D0%BA%D0%B0%D1%8F%20%D0%B1%D0%BE%D0%BB%D1%8C%D0%BD%D0%B8%D1%86%D0%B0%20%D0%B8%D0%BC.%20%D0%A4.%D0%90.%D0%A3%D1%81%D0%BE%D0%BB%D1%8C%D1%86%D0%B5%D0%B2%D0%B0%2C%20%D1%83%D0%BB%D0%B8%D1%86%D0%B0%208%20%D0%9C%D0%B0%D1%80%D1%82%D0%B0%2C%201%2C%20%D0%9C%D0%BE%D1%81%D0%BA%D0%B2%D0%B0;"Источник координат: OpenStreetMap. Ссылки ведут к поиску в трёх агрегаторах; не означают автоматическое подтверждение карточки."
