source_name;registry_name;match_method;similarity;review_status;note
Коровинское шоссе;Коровинское шоссе;exact;1.0;confirmed;Подтверждено совпадение в реестре.
ТПУ «Беговая»;ТПУ Беговая АВД САО;fuzzy;0.733;manual_review;Нужна ручная проверка наименования.
Хорошевское шоссе;Хорошевское шоссе;exact;1.0;confirmed;Подтверждено совпадение в реестре.
1-я Магистральная улица;1-я Магистральная улица;exact;1.0;confirmed;Подтверждено совпадение в реестре.
Бескудниковский бульвар;Бескудниковский бульвар;exact;1.0;confirmed;Подтверждено совпадение в реестре.
Кронштадтский бульвар;Кронштадтский бульвар;exact;1.0;confirmed;Подтверждено совпадение в реестре.
Михалковская улица;Михалковская улица;exact;1.0;confirmed;Подтверждено совпадение в реестре.
Михалковский путепровод;Михалковский путепровод;exact;1.0;confirmed;Подтверждено совпадение в реестре.
Онежская улица;Онежская улица;exact;1.0;confirmed;Подтверждено совпадение в реестре.
Петровский парк;Петровский парк;exact;1.0;confirmed;Подтверждено совпадение в реестре.
Планетная улица;Планетная улица;exact;1.0;confirmed;Подтверждено совпадение в реестре.
Пр-д под Краснопресненским п/п;Пр-д под Краснопресненским п/п;exact;1.0;confirmed;Подтверждено совпадение в реестре.
Путепровод через Дмитровское шоссе;Путепровод через Дмитровское шоссе;exact;1.0;confirmed;Подтверждено совпадение в реестре.
Смольная улица;Смольная улица;exact;1.0;confirmed;Подтверждено совпадение в реестре.
Талдомская улица;Талдомская улица;exact;1.0;confirmed;Подтверждено совпадение в реестре.
Тимирязевская улица;Тимирязевская улица;exact;1.0;confirmed;Подтверждено совпадение в реестре.
улица Авиаконструктора Микояна;улица Авиаконструктора Микояна;exact;1.0;confirmed;Подтверждено совпадение в реестре.
улица Авиаконструктора Сухого;улица Авиаконструктора Сухого;exact;1.0;confirmed;Подтверждено совпадение в реестре.
Поликарпова улица;Поликарпова улица;exact;1.0;confirmed;Подтверждено совпадение в реестре.
улица Софьи Ковалевской;улица Софьи Ковалевской;exact;1.0;confirmed;Подтверждено совпадение в реестре.
Фестивальная улица;Фестивальная улица;exact;1.0;confirmed;Подтверждено совпадение в реестре.
Флотская улица;Флотская улица;exact;1.0;confirmed;Подтверждено совпадение в реестре.
Библиотечный проезд;Библиотечный проезд;exact;1.0;confirmed;Подтверждено совпадение в реестре.
Бусиновский проезд (развязка МКАД 79 км);Бусиновский проезд (развязка МКАД 79 км);exact;1.0;confirmed;Подтверждено совпадение в реестре.
ТПУ Балтийская АвД САО;ТПУ Балтийская АвД САО;exact;1.0;confirmed;Подтверждено совпадение в реестре.
ТПУ Речной вокзал АвД САО;ТПУ Речной вокзал АвД САО;exact;1.0;confirmed;Подтверждено совпадение в реестре.
ТПУ Ховрино АВД САО;ТПУ Ховрино АВД САО;exact;1.0;confirmed;Подтверждено совпадение в реестре.
Театральная аллея;Театральная аллея;exact;1.0;confirmed;Подтверждено совпадение в реестре.
ТПУ «Аэропорт» (район Аэропорт);ТПУ «Аэропорт» (район Аэропорт);exact;1.0;confirmed;Подтверждено совпадение в реестре.
улица Серегина;улица Серегина;exact;1.0;confirmed;Подтверждено совпадение в реестре.
Ленинградский пр-т, д.76А (тыльная сторона ТЦ Метромаркет);Ленинградский пр-т, д.76А (тыльная сторона ТЦ Метромаркет);exact;1.0;confirmed;Подтверждено совпадение в реестре.
Правды ул.;Правды ул.;exact;1.0;confirmed;Подтверждено совпадение в реестре.
3-я улица Ямского Поля;3-я улица Ямского Поля;exact;1.0;confirmed;Подтверждено совпадение в реестре.
Расковой улица;Расковой улица;exact;1.0;confirmed;Подтверждено совпадение в реестре.
1-я улица Ямского поля;1-я улица Ямского Поля;exact;1.0;confirmed;Подтверждено совпадение в реестре.
Беговая аллея;Беговая аллея;exact;1.0;confirmed;Подтверждено совпадение в реестре.
1-й Боткинский проезд;1-й Боткинский проезд;exact;1.0;confirmed;Подтверждено совпадение в реестре.
2-й Боткинский проезд (Бориса Петровского);2-й Боткинский проезд (Бориса Петровского);exact;1.0;confirmed;Подтверждено совпадение в реестре.
Нижняя улица;Нижняя улица;exact;1.0;confirmed;Подтверждено совпадение в реестре.
5-я улица Ямского Поля;5-я улица Ямского Поля;exact;1.0;confirmed;Подтверждено совпадение в реестре.
Бесскудниковский переулок;Бескудниковский переулок;fuzzy;0.98;manual_review;Нужна ручная проверка наименования.
Проезд от Бескудниковского бульвара до Дубнинской улицы у школы №183;Проезд от Бескудниковского бульвара до Дубнинской улицы у школы №183;exact;1.0;confirmed;Подтверждено совпадение в реестре.
Проезд от Бескудниковского б-ра у торгового центра до Дубнинской ул.;Проезд от Бескудниковского бульвара до проезда у торгового центра;fuzzy;0.726;manual_review;Нужна ручная проверка наименования.
ТПУ Балтийская Жилищник Войковский;ТПУ Балтийская Жилищник Войковский;exact;1.0;confirmed;Подтверждено совпадение в реестре.
Старопетровский проезд;Старопетровский проезд;exact;1.0;confirmed;Подтверждено совпадение в реестре.
Улица Космонавта Волкова;Улица Космонавта Волкова;exact;1.0;confirmed;Подтверждено совпадение в реестре.
1-й Войковский проезд;1-й Войковский проезд;exact;1.0;confirmed;Подтверждено совпадение в реестре.
5-й Войковский проезд;5-й Войковский проезд;exact;1.0;confirmed;Подтверждено совпадение в реестре.
Дубнинская улица;Дубнинская улица;exact;1.0;confirmed;Подтверждено совпадение в реестре.
Керамический проезд;Керамический проезд;exact;1.0;confirmed;Подтверждено совпадение в реестре.
Улица Зарянова;Улица Зарянова;exact;1.0;confirmed;Подтверждено совпадение в реестре.
Дегунинский проезд;Дегунинский проезд;exact;1.0;confirmed;Подтверждено совпадение в реестре.
Площадка у платформы «Бескудниково» и пешеходная дорожка к Керамическому проезду;;no_match;0.0;manual_review;"В реестре ОДХ не найдено; добавлять отдельным маркером, а не вымышленной геометрией ОДХ."
Транспортно-пересадочный узел (ТПУ) у станции метро «Водный стадион» (Площадь у станции метро «Водный стадион»);Транспортно-пересадочный узел (ТПУ) у станции метро «Водный стадион» (Площадь у станции метро «Водный стадион»);exact;1.0;confirmed;Подтверждено совпадение в реестре.
ТПУ «Моссельмаш» (Головинский район);ТПУ «Моссельмаш» (Головинский район);exact;1.0;confirmed;Подтверждено совпадение в реестре.
Проезд от Коровинского шоссе и разворотный круг у ТЭЦ-21;Проезд от Коровинского шоссе и разворотный круг у ТЭЦ-21;exact;1.0;confirmed;Подтверждено совпадение в реестре.
Автобусный круг у пл. «Ховрино»;Автобусный круг у пл. «Ховрино»;exact;1.0;confirmed;Подтверждено совпадение в реестре.
ТПУ «МОССЕЛЬМАШ» района Западное Дегунино;ТПУ «МОССЕЛЬМАШ» района Западное Дегунино;exact;1.0;confirmed;Подтверждено совпадение в реестре.
Верхнелихоборская улица;Верхнелихоборская улица;exact;1.0;confirmed;Подтверждено совпадение в реестре.
Дегунинская улица;Дегунинская улица;exact;1.0;confirmed;Подтверждено совпадение в реестре.
Базовская улица;Базовская улица;exact;1.0;confirmed;Подтверждено совпадение в реестре.
улица Ивана Сусанина;улица Ивана Сусанина;exact;1.0;confirmed;Подтверждено совпадение в реестре.
Коптевская улица;Коптевская улица;exact;1.0;confirmed;Подтверждено совпадение в реестре.
Коптевский бульвар;Коптевский бульвар;exact;1.0;confirmed;Подтверждено совпадение в реестре.
Приорова ул.;Приорова ул.;exact;1.0;confirmed;Подтверждено совпадение в реестре.
8-й Новоподмосковный переулок;8-й Новоподмосковный переулок;exact;1.0;confirmed;Подтверждено совпадение в реестре.
бульвар Матроса Железняка;Бульвар Матроса Железняка;exact;1.0;confirmed;Подтверждено совпадение в реестре.
ТПУ Речной вокзал Жилищник Левобережный;;no_match;0.0;manual_review;"В реестре ОДХ не найдено; добавлять отдельным маркером, а не вымышленной геометрией ОДХ."
Территория у ст.м. «Беломорская»;Территория у ст.м. «Беломорская»;exact;1.0;confirmed;Подтверждено совпадение в реестре.
Старый Петровско-Разумовский проезд;Старый Петровско-Разумовский проезд;exact;1.0;confirmed;Подтверждено совпадение в реестре.
2-я Хуторская улица;2-я Хуторская улица;exact;1.0;confirmed;Подтверждено совпадение в реестре.
Вятская улица;Вятская улица;exact;1.0;confirmed;Подтверждено совпадение в реестре.
2-я Квесисская улица;2-я Квесисская улица;exact;1.0;confirmed;Подтверждено совпадение в реестре.
2-я Песчаная улица;2-я Песчаная улица;exact;1.0;confirmed;Подтверждено совпадение в реестре.
Новопесчаная улица;Новопесчаная улица;exact;1.0;confirmed;Подтверждено совпадение в реестре.
Проезд от Ленинградского шоссе к университету Синергия (Ленинградский просп., 80Г);Проезд от Ленинградского шоссе к университету Синергия (Ленинградский просп., 80Г);exact;1.0;confirmed;Подтверждено совпадение в реестре.
Разворотный круг троллейбусов у метро «Сокол»;Разворотный круг троллейбусов у метро «Сокол»;exact;1.0;confirmed;Подтверждено совпадение в реестре.
Улица Константина Царева;Улица Константина Царева;exact;1.0;confirmed;Подтверждено совпадение в реестре.
Песчаная улица;Песчаная улица;exact;1.0;confirmed;Подтверждено совпадение в реестре.
улица Сальвадора Альенде;улица Сальвадора Альенде;exact;1.0;confirmed;Подтверждено совпадение в реестре.
Чапаевский переулок;Чапаевский переулок;exact;1.0;confirmed;Подтверждено совпадение в реестре.
Территория перед ст.метро «Петровско-Разумовская»;Территория перед ст.метро «Петровско-Разумовская»;exact;1.0;confirmed;Подтверждено совпадение в реестре.
Подъезд к префектуре (Тимирязевская ул., д. 27);Подъезд к префектуре (Тимирязевская ул., д. 27);exact;1.0;confirmed;Подтверждено совпадение в реестре.
ТПУ Окружная;ТПУ Окружная;exact;1.0;confirmed;Подтверждено совпадение в реестре.
Проезд от улицы Лавочкина к дому 23А;Проезд от улицы Лавочкина к дому 23А;exact;1.0;confirmed;Подтверждено совпадение в реестре.
Клинская улица;Клинская улица;exact;1.0;confirmed;Подтверждено совпадение в реестре.
улица Ляпидевского;улица Ляпидевского;exact;1.0;confirmed;Подтверждено совпадение в реестре.
ТПУ ЦСКА;;no_match;0.0;manual_review;"В реестре ОДХ не найдено; добавлять отдельным маркером, а не вымышленной геометрией ОДХ."
ТПУ «Аэропорт» (Хорошевский район);ТПУ «Аэропорт» (Хорошевский район);exact;1.0;confirmed;Подтверждено совпадение в реестре.
Территория у станции метро Хорошевская;Территория у станции метро Хорошевская;exact;1.0;confirmed;Подтверждено совпадение в реестре.
ТПУ «Хорошево» (парковка);ТПУ «Хорошево»;fuzzy;0.727;manual_review;Нужна ручная проверка наименования.
Веры Волошиной улица;Веры Волошиной улица;exact;1.0;confirmed;Подтверждено совпадение в реестре.
2-й Хорошевский проезд;2-й Хорошевский проезд;exact;1.0;confirmed;Подтверждено совпадение в реестре.
Проектируемый проезд №6368;Проектируемый проезд №6368;exact;1.0;confirmed;Подтверждено совпадение в реестре.
4-й Ходынский проезд;4-й Ходынский проезд;exact;1.0;confirmed;Подтверждено совпадение в реестре.
Магистральный переулок;Магистральный переулок;exact;1.0;confirmed;Подтверждено совпадение в реестре.
1-й Магистральный тупик;1-й Магистральный тупик;exact;1.0;confirmed;Подтверждено совпадение в реестре.
